SALE TYPE,SOLD DATE,PROPERTY TYPE,ADDRESS,CITY,STATE OR PROVINCE,ZIP OR POSTAL CODE,PRICE,BEDS,BATHS,LOCATION,SQUARE FEET,LOT SIZE,YEAR BUILT,DAYS ON MARKET,$/SQUARE FEET,HOA/MONTH,STATUS,NEXT OPEN HOUSE START TIME,NEXT OPEN HOUSE END TIME,URL (SEE http://www.redfin.com/buy-a-home/comparative-market-analysis FOR INFO ON PRICING),SOURCE,MLS#,FAVORITE,INTERESTED,LATITUDE,LONGITUDE
MLS Listing,,Single Family Residential,73 Melrose Ave,Irvington Twp.,NJ,07111-2705,185000,4,1.5,Irvington Twp.,,3484,1925,1,,,Active,,,http://www.redfin.com/NJ/Irvington/73-Melrose-Ave-07111/home/36170024,GSMLS,3695187,N,Y,40.7375005,-74.225063
MLS Listing,,Multi-Family (2-4 Unit),65 S 7th St,Newark City,NJ,07107-3747,300000,8,3,Newark City,3250,2613,1910,1,92,,Active,,,http://www.redfin.com/NJ/Newark/65-S-7th-St-07107/home/36258812,GSMLS,3695138,N,Y,40.7469424,-74.1947319
MLS Listing,,Vacant Land,258 S 19th St,Newark City,NJ,07103-1321,42500,,,Newark City,,1742,,1,,,Active,,,http://www.redfin.com/NJ/Newark/258-S-19th-St-07103/home/36257759,GSMLS,3695101,N,Y,40.7480215,-74.2056084
MLS Listing,,Multi-Family (2-4 Unit),231 Sunset Ave,Newark,NJ,7106,399000,4,3,Newark,,,,1,,,Active,,,http://www.redfin.com/NJ/Newark/229-231-Sunset-Ave-07106/home/174594169,NJMLS,21007196,N,Y,40.738305,-74.229257
MLS Listing,,Multi-Family (2-4 Unit),91 N 14th St,East Orange,NJ,7017,299000,6,2,East Orange,,2496,,1,,,Active,,,http://www.redfin.com/NJ/East-Orange/91-N-14th-St-07017/home/36142725,NJMLS,21007164,N,Y,40.7586659,-74.1957026
MLS Listing,,Multi-Family (2-4 Unit),177 N 11th St,Newark City,NJ,07107-1223,499999,7,3,Newark City,2859,2613,1915,1,175,,Active,,,http://www.redfin.com/NJ/Newark/177-N-11th-St-07107/home/36263166,GSMLS,3695043,N,Y,40.7612806,-74.1907954
MLS Listing,,Multi-Family (2-4 Unit),540 S 10th St,Newark City,NJ,07103-1827,125000,6,2,Newark City,1314,6534,,1,95,,Active,,,http://www.redfin.com/NJ/Newark/540-S-10th-St-07103/home/36235507,GSMLS,3695039,N,Y,40.7337804,-74.2027527
MLS Listing,,Multi-Family (2-4 Unit),102 Chapel St,Newark,NJ,7105,349000,5,2,Newark,,2500,,1,,,Active,,,http://www.redfin.com/NJ/Newark/102-Chapel-St-07105/home/36270608,NJMLS,21007142,N,Y,40.7360574,-74.1397548
MLS Listing,,Multi-Family (2-4 Unit),8 Vincent St,Newark,NJ,7105,480000,5,2.5,Newark,,2235,,1,,,Active,,,http://www.redfin.com/NJ/Newark/8-Vincent-St-07105/home/36270323,NJMLS,21007141,N,Y,40.7319562,-74.1377821
MLS Listing,,Multi-Family (2-4 Unit),30-32 Avon Ave,Newark City,NJ,07108-2802,625000,8,5,Newark City,,3920,2007,1,,,Active,,,http://www.redfin.com/NJ/Newark/30-32-Avon-Ave-07108/home/36065719,GSMLS,3695016,N,Y,40.7233217,-74.189431
MLS Listing,,Condo/Co-op,111 Mulberry St 4J Unit 4-J,Newark City,NJ,7102,250000,2,1,Renaissance Tower,1097,81021,1988,1,228,479,Active,,,http://www.redfin.com/NJ/Newark/111-Mulberry-St-07102/unit-4J/home/145853213,GSMLS,3695014,N,Y,40.7355969,-74.1701905
MLS Listing,,Single Family Residential,22 Vaughan Dr Unit 2F2,Newark,NJ,7103,339900,3,1.5,Newark,1346,307311,1990,1,253,350,Pre On-Market,March-6-2021 01:00 PM,March-6-2021 03:00 PM,http://www.redfin.com/NJ/Newark/22-Vaughan-Dr-07103/unit-2F2/home/174588812,CJMLS,2113055R,N,Y,40.7394786,-74.1838581
MLS Listing,,Single Family Residential,132 Broadway,Newark City,NJ,07104-3841,369000,4,3,Newark City,2097,1742,1855,1,176,,Active,March-7-2021 02:00 PM,March-7-2021 04:00 PM,http://www.redfin.com/NJ/Newark/132-Broadway-07104/home/36239202,GSMLS,3694974,N,Y,40.7548655,-74.1705179
MLS Listing,,Multi-Family (2-4 Unit),173 BROOKWOOD St,East Orange City,NJ,07018-2317,379900,7,2.5,East Orange City,,3920,,1,,,Active,,,http://www.redfin.com/NJ/East-Orange/173-Brookwood-St-07018/home/36149958,GSMLS,3694867,N,Y,40.7469711,-74.2259342
MLS Listing,,Multi-Family (2-4 Unit),33 N 7th St,Newark,NJ,7107,545000,7,5,Newark,,,,2,,,Active,,,http://www.redfin.com/NJ/Newark/33-N-7th-St-07107/home/36259948,NJMLS,21007008,N,Y,40.750528,-74.192281
MLS Listing,,Multi-Family (2-4 Unit),57 Davenport Ave,Newark,NJ,7107,399000,4,2.5,Newark,,2500,,2,,,Active,March-6-2021 12:00 PM,March-6-2021 02:00 PM,http://www.redfin.com/NJ/Newark/57-Davenport-Ave-07107/home/36247462,NJMLS,21007002,N,Y,40.7735287,-74.1812133
MLS Listing,,Multi-Family (2-4 Unit),205 Tremont Ave,East Orange,NJ,7018,250000,6,2,East Orange,,749,,2,,,Active,,,http://www.redfin.com/NJ/EAST-ORANGE/205-TREMONT-AVE-07018/home/36156593,NJMLS,21006989,N,Y,40.751213,-74.227007
MLS Listing,,Multi-Family (2-4 Unit),59 N 15th St,East Orange,NJ,7017,360000,9,3,East Orange,,2797,,2,,,Active,,,http://www.redfin.com/NJ/East-Orange/59-N-15th-St-07017/home/36142675,NJMLS,21006987,N,Y,40.7580523,-74.1971816
MLS Listing,,Multi-Family (2-4 Unit),32 Kossuth St #2,Newark City,NJ,07105-3314,905000,8,5,Newark City,198,3920,2008,2,4571,,Active,,,http://www.redfin.com/NJ/Newark/32-Kossuth-St-07105/unit-2/home/174576740,GSMLS,3694839,N,Y,40.7231934,-74.1491206
MLS Listing,,Townhouse,22 Vaughan Dr,Newark City,NJ,07103-3459,339900,3,1.5,Newark City,,307098,1990,2,,,Pre On-Market,March-6-2021 01:00 PM,March-6-2021 03:00 PM,http://www.redfin.com/NJ/Newark/22-Vaughan-Dr-07103/home/62164649,GSMLS,3694816,N,Y,40.7394786,-74.1838581
MLS Listing,,Single Family Residential,234 Broad St,Newark,NJ,7104,280000,3,3.5,Newark,,1790,1994,2,,,Active,,,http://www.redfin.com/NJ/Newark/234-Broad-St-07104/home/36237801,CJMLS,2113003R,N,Y,40.7538964,-74.1691011
MLS Listing,,Single Family Residential,61 Brill St,Newark City,NJ,07105-4020,299000,4,2,Ironbound,,2613,1897,2,,,Active,,,http://www.redfin.com/NJ/Newark/61-Brill-St-07105/home/36270650,GSMLS,3694718,N,Y,40.7315722,-74.1425417
MLS Listing,,Single Family Residential,72 Wakeman Ave,Newark City,NJ,07104-2805,325000,4,2.5,Newark City,,2613,1900,2,,,Active,,,http://www.redfin.com/NJ/Newark/72-Wakeman-Ave-07104/home/36242731,GSMLS,3694715,N,Y,40.7642819,-74.1680576
MLS Listing,,Condo/Co-op,236 Mill St,Belleville Twp.,NJ,07109-2425,195000,1,1,Belleville Twp.,,6969,1983,2,,125,Active,,,http://www.redfin.com/NJ/Belleville/236-Mill-St-07109/home/165642756,GSMLS,3694711,N,Y,40.7844086,-74.1597815
MLS Listing,,Multi-Family (2-4 Unit),908 Bergen St,Newark,NJ,7112,499000,11,4.5,Newark,,2500,,2,,,Active,,,http://www.redfin.com/NJ/Newark/908-Bergen-St-07112/home/36283141,NJMLS,21006891,N,Y,40.7127774,-74.2041065
MLS Listing,,Multi-Family (2-4 Unit),816 S 18th St,Newark,NJ,7108,400000,7,3,Newark,,3001,,2,,,Active,,,http://www.redfin.com/NJ/Newark/816-S-18th-St-07108/home/36273444,NJMLS,21006860,N,Y,40.7276048,-74.2131406
MLS Listing,,Multi-Family (2-4 Unit),96 Summer Ave,Newark,NJ,7104,529000,3,3,Newark,,2448,,2,,,Active,,,http://www.redfin.com/NJ/Newark/96-Summer-Ave-07104/home/36237979,NJMLS,21006859,N,Y,40.7539844,-74.1736534
MLS Listing,,Single Family Residential,624 Irvington Ave,Maplewood Twp.,NJ,07040-1643,399900,3,2.5,Maplewood Twp.,1700,3920,1956,2,235,,Active,,,http://www.redfin.com/NJ/Maplewood/624-Irvington-Ave-07040/home/36371363,GSMLS,3694642,N,Y,40.7337725,-74.2470716
MLS Listing,,Multi-Family (2-4 Unit),107 Bruen St,Newark,NJ,7105,395000,5,3,Newark,,2313,,2,,,Active,,,http://www.redfin.com/NJ/Newark/107-Bruen-St-07105/home/36234139,NJMLS,21006818,N,Y,40.7296642,-74.1679659
MLS Listing,,Multi-Family (2-4 Unit),206-208 Chancellor Ave,Newark,NJ,7112,319900,,,Newark,2880,4791,1940,2,111,,Active,,,http://www.redfin.com/NJ/Newark/206-Chancellor-Ave-07112/home/36289749,BRIGHT MLS,NJES100266,N,Y,40.7069621,-74.2174707
MLS Listing,,Multi-Family (2-4 Unit),926 S 20th St,Newark City,NJ,07108-1126,345000,5,3,Newark City,2700,3484,1983,3,128,,Active,,,http://www.redfin.com/NJ/Newark/926-S-20th-St-07108/home/36277370,GSMLS,3694561,N,Y,40.7243922,-74.2162302
MLS Listing,,Multi-Family (2-4 Unit),186 Munn Ave,Irvington Twp.,NJ,07111-2728,223900,10,3,Irvington Twp.,,3920,1926,4,,,Active,,,http://www.redfin.com/NJ/Irvington/186-Munn-Ave-07111/home/36169920,GSMLS,3694451,N,Y,40.738779,-74.2201107
MLS Listing,,Single Family Residential,475 20th St,Irvington,NJ,7111,329000,5,1.5,Irvington,,2496,,5,,,Active,,,http://www.redfin.com/NJ/Irvington/475-S-20th-St-07111/home/36174075,NJMLS,21006691,N,Y,40.740678,-74.2104808
MLS Listing,,Multi-Family (2-4 Unit),473 20th St,Irvington,NJ,7111,390000,6,2,Irvington,,2496,,5,,,Active,,,http://www.redfin.com/NJ/Irvington/473-S-20th-St-07111/home/36174076,NJMLS,21006689,N,Y,40.7407826,-74.210544
MLS Listing,,Multi-Family (2-4 Unit),98-100 N 9th St,Newark,NJ,7107,399900,7,4,Newark,,6499,,5,,,Active,,,http://www.redfin.com/NJ/Newark/98-N-9th-St-07107/home/148323206,NJMLS,21006681,N,Y,40.759088,-74.1913336
MLS Listing,,Multi-Family (2-4 Unit),313 7th Ave,Newark,NJ,7107,364900,5,3,Newark,,2500,,5,,,Active,,,http://www.redfin.com/NJ/Newark/313-7th-Ave-W-07107/home/36260113,NJMLS,21006669,N,Y,40.7538852,-74.1861747
MLS Listing,,Single Family Residential,75 Willoughby St,Newark City,NJ,07112-1537,300000,4,4,Newark City,,2613,1922,5,,,Active,,,http://www.redfin.com/NJ/Newark/75-Willoughby-St-07112/home/36280689,GSMLS,3694345,N,Y,40.7134148,-74.2167518
MLS Listing,,Single Family Residential,160 Mill St,Belleville Twp.,NJ,07109-2415,364999,4,2,Belleville Twp.,1752,3049,1892,5,208,,Active,,,http://www.redfin.com/NJ/Belleville/160-Mill-St-07109/home/36084159,GSMLS,3694342,N,Y,40.7829222,-74.1573604
MLS Listing,,Multi-Family (2-4 Unit),185 S 11th St,Newark City,NJ,07107-1409,349000,2,2,Newark City,,3049,1920,5,,,Active,,,http://www.redfin.com/NJ/Newark/185-S-11th-St-07107/home/36258711,GSMLS,3694289,N,Y,40.7479976,-74.1981906
MLS Listing,,Single Family Residential,29 Mead St,Newark City,NJ,07106-2506,399999,4,2.5,Newark City,2000,2613,1913,5,200,,Active,,,http://www.redfin.com/NJ/Newark/29-Mead-St-07106/home/36298527,GSMLS,3694287,N,Y,40.7418016,-74.2315856
MLS Listing,,Multi-Family (2-4 Unit),834 S 19th St,Newark,NJ,7108,515000,6,4.5,Newark,,2500,,5,,,Active,,,http://www.redfin.com/NJ/Newark/834-S-19th-St-07108/home/165628971,NJMLS,21006579,N,Y,40.727275,-74.2141369
MLS Listing,,Multi-Family (2-4 Unit),135 Fabyan Pl,Newark,NJ,7112,199000,4,2,Newark,,2500,,5,,,Active,,,http://www.redfin.com/NJ/Newark/135-Fabyan-Pl-07112/home/36281758,NJMLS,21006560,N,Y,40.7192024,-74.2188267
MLS Listing,,Multi-Family (2-4 Unit),186 Clinton Ave,Newark City,NJ,07108-2809,725000,9,3,Newark City,5044,3484,1900,5,144,,Pre On-Market,,,http://www.redfin.com/NJ/Newark/186-Clinton-Ave-07108/home/36077827,GSMLS,3694227,N,Y,40.7234349,-74.1856226
MLS Listing,,Multi-Family (2-4 Unit),174 Hollywood Ave,East Orange City,NJ,07018-3914,420000,5,3,East Orange City,999,3049,,6,420,,Active,,,http://www.redfin.com/NJ/East-Orange/174-Hollywood-Ave-07018/home/36142407,GSMLS,3694195,N,Y,40.7506792,-74.2043817
MLS Listing,,Multi-Family (2-4 Unit),122 22ND St,Irvington Twp.,NJ,07111-4422,405000,6,3.5,Irvington Twp.,29997,4791,1911,6,14,,Active,,,http://www.redfin.com/NJ/Irvington/122-22nd-St-07111/home/174541608,GSMLS,3694169,N,Y,40.7332836,-74.2147893
MLS Listing,,Multi-Family (2-4 Unit),281 Hunterdon St,Newark,NJ,7103,325000,7,2,Newark,,2500,,6,,,Active,,,http://www.redfin.com/NJ/Newark/281-Hunterdon-St-07103/home/36233856,NJMLS,21006472,N,Y,40.7349623,-74.1939255
MLS Listing,,Single Family Residential,76 Cutler St,Newark,NJ,7104,240000,3,1.5,Newark,,1529,,6,,,Active,,,http://www.redfin.com/NJ/Newark/76-Cutler-St-07104/home/36237943,NJMLS,21006466,N,Y,40.7539004,-74.175534
MLS Listing,,Multi-Family (2-4 Unit),38 N 6th St,Newark,NJ,7107,349900,6,3,Newark,,2500,,7,,,Active,,,http://www.redfin.com/NJ/Newark/38-N-6th-St-07107/home/36259728,NJMLS,21006330,N,Y,40.7498667,-74.1922286
MLS Listing,,Condo/Co-op,602 N 6th St Unit 8B,Newark City,NJ,07107-2504,129000,2,1,Newark City,780,871,1970,7,165,125,Active,,,http://www.redfin.com/NJ/Newark/602-N-6th-St-07107/unit-8B/home/36373676,GSMLS,3693894,N,Y,40.7698027,-74.1813798
MLS Listing,,Townhouse,13 Val Sumo Ln,Newark City,NJ,7105,439000,3,2.5,Newark City,,435,2006,7,,130,Active,,,http://www.redfin.com/NJ/Newark/13-Valsumo-Ln-07105/unit-A-7/home/36062050,GSMLS,3693884,N,Y,40.729992,-74.1496054
MLS Listing,,Single Family Residential,5 Greenwood Lake St,Newark City,NJ,07104-2438,199900,2,1,Newark City,,1742,1910,7,,,Active,,,http://www.redfin.com/NJ/Newark/5-Greenwood-Lake-St-07104/home/36251858,GSMLS,3693874,N,Y,40.782189,-74.1606612
MLS Listing,,Vacant Land,11 S 17th St,East Orange City,NJ,07018-3919,90000,,,East Orange City,,2613,,7,,,Active,,,http://www.redfin.com/NJ/East-Orange/11-S-17th-St-07018/home/108609494,GSMLS,3693836,N,Y,40.752432,-74.202034
MLS Listing,,Multi-Family (2-4 Unit),194 12th Ave,Newark,NJ,7107,800000,6,5,Newark,,2500,,7,,,Active,,,http://www.redfin.com/NJ/Newark/194-12th-Ave-07107/home/36258879,NJMLS,21006228,N,Y,40.744009,-74.196717
MLS Listing,,Multi-Family (2-4 Unit),760 S 17th St,Newark,NJ,7103,475000,9,5,Newark,,2500,,7,,,Active,,,http://www.redfin.com/NJ/Newark/760-S-17th-St-07103/home/36271867,NJMLS,21006223,N,Y,40.7293059,-74.2114897
MLS Listing,,Multi-Family (2-4 Unit),405 S 6th St,Newark City,NJ,07103-2203,525000,6,4.5,Newark City,,2613,2021,7,,,Active,,,http://www.redfin.com/NJ/Newark/405-S-6th-St-07103/home/174499086,GSMLS,3693750,N,Y,40.7336079,-74.199607
MLS Listing,,Multi-Family (2-4 Unit),98-100 Mount Vernon Pl,Newark City,NJ,07106-3308,339900,4,2,Ivy Hill,2000,4791,,7,170,,Active,,,http://www.redfin.com/NJ/Newark/98-Mt-Vernon-Pl-07106/home/36305546,GSMLS,3693722,N,Y,40.7365424,-74.2418746
MLS Listing,,Single Family Residential,82 Palm St,Newark,NJ,7106,220000,3,1.5,Newark,,2500,,8,,,Active,,,http://www.redfin.com/NJ/Newark/82-Palm-St-07106/home/36302616,NJMLS,21006181,N,Y,40.7491552,-74.2303018
MLS Listing,,Single Family Residential,88 N 16th St,East Orange City,NJ,07017-5213,389000,5,3,East Orange City,,2613,,8,,,Active,,,http://www.redfin.com/NJ/East-Orange/88-N-16th-St-07017/home/36143142,GSMLS,3693682,N,Y,40.7604037,-74.1963598
MLS Listing,,Single Family Residential,56 South St,Newark City,NJ,07102-3317,349000,5,3,Newark City,,2613,1882,8,,,Active,,,http://www.redfin.com/NJ/Newark/56-South-St-07102/home/36252027,GSMLS,3693667,N,Y,40.7242259,-74.1771966
MLS Listing,,Single Family Residential,35 Pine Grove Ter,Newark City,NJ,07106-1950,299000,4,2,Newark City,,2613,,8,,,Active,,,http://www.redfin.com/NJ/Newark/35-Pine-Grove-Ter-07106/home/36294279,GSMLS,3693647,N,Y,40.7440682,-74.2234086
MLS Listing,,Multi-Family (2-4 Unit),274 Williamson Ave,Hillside,NJ,7205,349900,5,2,Hillside,,3598,,8,,,Active,,,http://www.redfin.com/NJ/Hillside/274-Williamson-Ave-07205/home/37909463,NJMLS,21006127,N,Y,40.7059694,-74.2229422
MLS Listing,,Single Family Residential,439 S 9th St,Newark,NJ,7103,169900,2,1.5,Newark,,1080,,8,,,Active,,,http://www.redfin.com/NJ/Newark/439-S-9th-St-07103/home/36235259,NJMLS,21006126,N,Y,40.7361549,-74.2014123
MLS Listing,,Multi-Family (2-4 Unit),,Newark City,NJ,07107-1315,749000,8,4,,,3920,,8,,,Active,,,http://www.redfin.com/NJ/Newark/Undisclosed-address-07107/home/174480967,GSMLS,3693528,N,Y,40.7663804,-74.1856472
MLS Listing,,Single Family Residential,796 S 15th St,Newark,NJ,7108,229000,4,1.5,Newark,,2374,,8,,,Active,,,http://www.redfin.com/NJ/Newark/796-S-15th-St-07108/home/36273682,NJMLS,21006075,N,Y,40.7266984,-74.2105267
MLS Listing,,Single Family Residential,856 S 13th St,Newark City,NJ,07108-1316,164900,6,3,Clinton Hill,2474,4791,1907,9,67,,Active,,,http://www.redfin.com/NJ/Newark/856-S-13th-St-07108/home/36277536,GSMLS,3693506,N,Y,40.724121,-74.2094994
MLS Listing,,Multi-Family (2-4 Unit),92 Pennington St,Newark City,NJ,07105-1011,669000,5,3,Ironbound,2400,2178,1998,9,279,,Active,,,http://www.redfin.com/NJ/Newark/92-Pennington-St-07105/home/36252465,GSMLS,3693474,N,Y,40.7242382,-74.1729425
MLS Listing,,Single Family Residential,103 Scofield St,Newark City,NJ,07106-3620,379000,4,2.5,Newark City,,3049,1932,9,,,Active,,,http://www.redfin.com/NJ/Newark/103-Schofield-St-07106/home/36296908,GSMLS,3692435,N,Y,40.7378089,-74.2341877
MLS Listing,,Townhouse,38 Carmella Ct,Newark City,NJ,07104-3056,265000,3,2,Newark City,,1742,1999,9,,204,Active,,,http://www.redfin.com/NJ/Newark/38-Carmella-Ct-07104/home/36372787,GSMLS,3693426,N,Y,40.7699708,-74.165302
MLS Listing,,Condo/Co-op,376 Littleton Ave,Newark,NJ,7103,194900,3,1.5,Newark,,,,9,,,Active,,,http://www.redfin.com/NJ/Newark/376-Littleton-Ave-07103/unit-4P/home/165514529,NJMLS,21005954,N,Y,40.7336974,-74.1980483
MLS Listing,,Multi-Family (2-4 Unit),53 N 14th St,East Orange,NJ,7017,350000,6,3,East Orange,,2300,,9,,,Active,,,http://www.redfin.com/NJ/East-Orange/53-N-14th-St-07017/home/36142735,NJMLS,21005953,N,Y,40.757467,-74.1963103
MLS Listing,,Multi-Family (2-4 Unit),24 N 5th St,Newark,NJ,7107,399900,8,3.5,Newark,,2500,,9,,,Active,,,http://www.redfin.com/NJ/Newark/24-N-5th-St-07107/home/36258952,NJMLS,21005948,N,Y,40.7487982,-74.1920451
MLS Listing,,Single Family Residential,81 Merchant St,Newark City,NJ,07105-2715,419999,4,1,Newark City,,2178,1900,9,,,Active,,,http://www.redfin.com/NJ/Newark/81-Merchant-St-07105/home/36265739,GSMLS,3693353,N,Y,40.7269209,-74.1563264
MLS Listing,,Single Family Residential,79 Merchant St,Newark City,NJ,07105-2715,359999,3,1,Newark City,,1742,1892,9,,,Active,,,http://www.redfin.com/NJ/Newark/79-Merchant-St-07105/home/36265740,GSMLS,3693349,N,Y,40.7269853,-74.1562347
MLS Listing,,Townhouse,380 Littleton Ave,Newark,NJ,7103,160000,3,1.5,Newark,,,,9,,,Active,,,http://www.redfin.com/NJ/Newark/380-Littleton-Ave-07103/home/142729993,NJMLS,21005932,N,Y,40.7336119,-74.1981108
MLS Listing,,Multi-Family (2-4 Unit),59 Cutler St,Newark City,NJ,07104-2563,294900,4,3,Newark City,,1742,1890,10,,,Active,,,http://www.redfin.com/NJ/Newark/59-Cutler-St-07104/home/36238059,GSMLS,3693307,N,Y,40.7533742,-74.1754308
MLS Listing,,Multi-Family (2-4 Unit),10-14 NOLL Pl #2,Newark City,NJ,07106-2402,620000,5,3,Vailsburg,,7405,1917,10,,,Active,,,http://www.redfin.com/NJ/Newark/10-Noll-Pl-07106/unit-2/home/174474531,GSMLS,3693306,N,Y,40.7422376,-74.2338917
MLS Listing,,Multi-Family (2-4 Unit),60-62 Napoleon St,Newark City,NJ,07105-3116,849000,5,3,Ironbound,,3484,1900,12,,,Active,,,http://www.redfin.com/NJ/Newark/60-Napoleon-St-07105/home/36255287,GSMLS,3693129,N,Y,40.7231433,-74.1543872
MLS Listing,,Multi-Family (2-4 Unit),96 Garside St,Newark City,NJ,07104-1010,267000,2,2,Newark City,,2613,1900,12,,,Active,,,http://www.redfin.com/NJ/Newark/96-Garside-St-07104/home/36239163,GSMLS,3693014,N,Y,40.7545874,-74.1762334
MLS Listing,,Multi-Family (2-4 Unit),885-887 S 17th St,Newark,NJ,7108,199000,6,3,Newark,,5001,,13,,,Active,,,http://www.redfin.com/NJ/Newark/885-S-17th-St-07108/home/36277318,NJMLS,21005718,N,Y,40.7251358,-74.2136146
MLS Listing,,Multi-Family (2-4 Unit),387 Summer Ave,Newark,NJ,7104,300000,4,2.5,Newark,,,,13,,,Active,,,http://www.redfin.com/NJ/Newark/387-Summer-Ave-07104/home/174464431,NJMLS,21005713,N,Y,40.7648353,-74.1684246
MLS Listing,,Vacant Land,369 Roseville Ave,Newark City,NJ,07107-1721,300000,,,Newark City,,8712,,13,,,Active,,,http://www.redfin.com/NJ/Newark/369-Roseville-Ave-07107/home/165588388,GSMLS,3692946,N,Y,40.7633262,-74.186581
MLS Listing,,Single Family Residential,199-201 16th Ave,Newark,NJ,7103,225000,3,2,Newark,,3206,,13,,,Active,,,http://www.redfin.com/NJ/Newark/199-16th-Ave-07103/home/36235267,NJMLS,21005697,N,Y,40.7361939,-74.2042013
MLS Listing,,Condo/Co-op,902 N 5th St #207,Newark,NJ,7107,220000,2,2,Newark,,,,13,,,Active,,,http://www.redfin.com/NJ/Newark/902-N-5th-St-07107/unit-207/home/146478464,NJMLS,21005677,N,Y,40.7802925,-74.1749813
MLS Listing,,Multi-Family (2-4 Unit),233 N 5th St,Newark,NJ,7107,275000,4,2,Newark,,1660,,13,,,Active,,,http://www.redfin.com/NJ/Newark/233-N-5th-St-07107/home/36261314,NJMLS,21005640,N,Y,40.7558802,-74.1871837
MLS Listing,,Multi-Family (2-4 Unit),221 N 5th St,Newark,NJ,7107,99000,4,4,Newark,,2500,,13,,,Active,,,http://www.redfin.com/NJ/Newark/221-N-5th-St-07107/home/36261312,NJMLS,21005611,N,Y,40.7554891,-74.1874932
MLS Listing,,Multi-Family (2-4 Unit),47-49 MAY St,Newark City,NJ,7104,449900,6,3,North Newark,2776,3049,2010,13,162,,Active,,,http://www.redfin.com/NJ/Newark/47-May-St-07104/home/36372733,GSMLS,3692809,N,Y,40.7672018,-74.1672137
MLS Listing,,Single Family Residential,52 N 9th St,Newark,NJ,7107,255000,4,3,Newark,,1490,,14,,,Active,,,http://www.redfin.com/NJ/Newark/52-N-9th-St-07107/home/36261430,NJMLS,21005585,N,Y,40.7574186,-74.1920337
MLS Listing,,Single Family Residential,132 Heckel St,Belleville,NJ,7109,325000,2,2,Belleville,,4269,,14,,,Active,,,http://www.redfin.com/NJ/Belleville/132-Heckel-St-07109/home/36104318,NJMLS,21005548,N,Y,40.7780564,-74.1823221
MLS Listing,,Multi-Family (2-4 Unit),252 Clinton Pl,Newark,NJ,7112,350000,3,2,Newark,,2330,,14,,,Active,,,http://www.redfin.com/NJ/Newark/252-Clinton-Pl-07112/home/36284762,NJMLS,21005535,N,Y,40.714653,-74.212767
MLS Listing,,Multi-Family (2-4 Unit),250 Clinton Pl,Newark,NJ,7112,350000,6,2,Newark,,2692,,14,,,Active,,,http://www.redfin.com/NJ/Newark/250-Clinton-Pl-07112/home/36284766,NJMLS,21005531,N,Y,40.7146625,-74.2127508
MLS Listing,,Single Family Residential,64 Fairmount Ter,East Orange,NJ,7018,260000,4,3,East Orange,,6242,,14,,,Active,,,http://www.redfin.com/NJ/East-Orange/64-Fairmount-Ter-07018/home/36150122,NJMLS,21005529,N,Y,40.7468313,-74.2232747
MLS Listing,,Single Family Residential,189 N 15th St,Bloomfield,NJ,7003,490000,5,4,Bloomfield,,3498,,14,,,Active,,,http://www.redfin.com/NJ/Bloomfield/189-N-15th-St-07003/home/36105644,NJMLS,21005504,N,Y,40.7726634,-74.1884678
MLS Listing,,Multi-Family (2-4 Unit),834 S 16th St,Newark,NJ,7108,400000,9,3,Newark,,,,14,,,Active,,,http://www.redfin.com/NJ/Newark/834-S-16th-St-07108/home/36273610,NJMLS,21005412,N,Y,40.7263499,-74.2116273
MLS Listing,,Multi-Family (2-4 Unit),84 Roseville Ave,Newark City,NJ,07107-2143,499900,6,4.5,Lower Roseville,,1742,2010,15,,,Active,,,http://www.redfin.com/NJ/Newark/84-Roseville-Ave-07107/home/39925862,GSMLS,3692531,N,Y,40.753465,-74.1919993
MLS Listing,,Multi-Family (2-4 Unit),76 Heckel St,Belleville,NJ,7109,550000,6,3,Belleville,,2500,,15,,,Active,,,http://www.redfin.com/NJ/Belleville/76-Heckel-St-07109/home/36104467,NJMLS,21005356,N,Y,40.7766857,-74.1838356
MLS Listing,,Single Family Residential,145 Alexander St,Newark,NJ,7106,249900,4,1.5,Newark,,,,15,,,Active,,,http://www.redfin.com/NJ/Newark/145-Alexander-St-07106/home/36296187,NJMLS,21005337,N,Y,40.741129,-74.2270462
MLS Listing,,Single Family Residential,142 Summer Ave,Newark City,NJ,07104-1903,220000,3,1.5,Newark City,,1742,1897,15,,,Active,,,http://www.redfin.com/NJ/Newark/142-Summer-Ave-07104/home/36238803,GSMLS,3692490,N,Y,40.755846,-74.1735044
MLS Listing,,Single Family Residential,33 Leslie St,Newark City,NJ,07108-1009,329900,6,2.5,Newark City,,4791,1904,15,,,Active,,,http://www.redfin.com/NJ/Newark/33-Leslie-St-07108/home/36281888,GSMLS,3692481,N,Y,40.7219713,-74.2139853
MLS Listing,,Multi-Family (2-4 Unit),167-169 Astor St,Newark,NJ,7114,664000,6,5,Newark,,,,15,,,Active,,,http://www.redfin.com/NJ/Newark/167-Astor-St-07114/home/36061521,NJMLS,21005330,N,Y,40.720268,-74.177054
MLS Listing,,Multi-Family (2-4 Unit),789 S 17th St,Newark,NJ,7103,375000,6,3,Newark,,2500,,15,,,Active,,,http://www.redfin.com/NJ/Newark/789-S-17th-St-07103/home/36272049,NJMLS,21005322,N,Y,40.7284749,-74.2121755
MLS Listing,,Multi-Family (2-4 Unit),46 Isabella Ave,Newark,NJ,7106,419900,6,5,Newark,,2500,,15,,,Active,,,http://www.redfin.com/NJ/Newark/46-Isabella-Ave-07106/home/36292861,NJMLS,21005309,N,Y,40.743426,-74.2201222
MLS Listing,,Condo/Co-op,767 Summer Ave Unit 1B,Newark,NJ,7104,185000,2,1,Newark,,,,15,,,Active,,,http://www.redfin.com/NJ/Newark/767-Summer-Ave-07104/unit-1B/home/165716259,NJMLS,21005308,N,Y,40.778127,-74.161819
MLS Listing,,Multi-Family (2-4 Unit),31 Marne St,Newark,NJ,7105,420000,4,2,Newark,,1999,,15,,,Active,,,http://www.redfin.com/NJ/Newark/31-Marne-St-07105/home/36269632,NJMLS,21005305,N,Y,40.7245933,-74.1504778
MLS Listing,,Multi-Family (2-4 Unit),65 Chadwick Ave,Newark,NJ,7108,480000,9,3,Newark,,2801,,15,,,Active,,,http://www.redfin.com/NJ/Newark/65-Chadwick-Ave-07108/home/36273228,NJMLS,21005294,N,Y,40.7242376,-74.2003919
MLS Listing,,Single Family Residential,200 1/2 Parker St,Newark,NJ,7104,259900,3,2,Newark,,1411,,15,,,Active,,,http://www.redfin.com/NJ/Newark/200-1-2-Parker-St-07104/home/172838988,NJMLS,21005277,N,Y,40.7598871,-74.1775406
MLS Listing,,Single Family Residential,15 Unity Ave,Newark City,NJ,07106-2606,315000,4,2,Vailburg,1555,3920,1924,15,203,,Active,,,http://www.redfin.com/NJ/Newark/15-Unity-Ave-07106/home/36297061,GSMLS,3692382,N,Y,40.7382238,-74.2307947
MLS Listing,,Multi-Family (2-4 Unit),289 Conklin Ave,Hillside Twp.,NJ,07205-1446,419000,6,2,Hillside Twp.,2650,3484,1929,16,158,,Active,,,http://www.redfin.com/NJ/Hillside/289-Conklin-Ave-07205/home/37910629,GSMLS,3692371,N,Y,40.7061731,-74.2240542
MLS Listing,,Multi-Family (2-4 Unit),333 WINANS Ave,Hillside Twp.,NJ,7205,440000,6,2,Hillside Twp.,3698,3484,1958,16,119,,Active,,,http://www.redfin.com/NJ/Hillside/333-Winans-Ave-07205/home/37909334,GSMLS,3692368,N,Y,40.7066221,-74.2264386
MLS Listing,,Multi-Family (2-4 Unit),104 Lyons Ave,Newark,NJ,7112,350000,5,3,Newark,,3433,,16,,,Active,,,http://www.redfin.com/NJ/Newark/104-Lyons-Ave-07112/home/36288567,NJMLS,21005242,N,Y,40.7077812,-74.210114
MLS Listing,,Multi-Family (2-4 Unit),447 S 17th St,Newark,NJ,7103,319000,5,2,Newark,,2500,,16,,,Active,,,http://www.redfin.com/NJ/Newark/447-S-17th-St-07103/home/36235377,NJMLS,21005217,N,Y,40.741066,-74.2074542
MLS Listing,,Multi-Family (2-4 Unit),240 Garside St,Newark City,NJ,07104-2620,400000,5,3,Newark City,,2613,,16,,,Active,,,http://www.redfin.com/NJ/Newark/240-Garside-St-07104/home/36239750,GSMLS,3692330,N,Y,40.7597703,-74.1730572
MLS Listing,,Single Family Residential,217 Lindsley Ave,South Orange Village Twp.,NJ,07079-2118,454900,3,1,South Orange Village Twp.,1584,3920,1926,16,287,,Active,,,http://www.redfin.com/NJ/South-Orange/217-Lindsley-Ave-07079/home/36339751,GSMLS,3692324,N,Y,40.7383541,-74.2529891
MLS Listing,,Multi-Family (2-4 Unit),190 Dewey St,Newark City,NJ,07112-1361,220000,4,3,Newark City,2061,3484,1920,16,107,,Active,,,http://www.redfin.com/NJ/Newark/190-Dewey-St-07112/home/36280677,GSMLS,3692285,N,Y,40.7132575,-74.2183223
MLS Listing,,Multi-Family (2-4 Unit),189 Broad St,Newark,NJ,7104,667500,9,5.5,Newark,,,,16,,,Active,,,http://www.redfin.com/NJ/Newark/189-Broad-St-07104/home/174445068,NJMLS,21005172,N,Y,40.7556904,-74.169296
MLS Listing,,Condo/Co-op,109 Tiffany Blvd,Newark,NJ,7104,189000,1,1,Newark,800,,,16,236,,Active,,,http://www.redfin.com/NJ/Newark/109-Tiffany-Blvd-07104/home/95960052,NJMLS,21005155,N,Y,40.7856077,-74.165786
MLS Listing,,Multi-Family (2-4 Unit),9-11 Hanford St,Newark City,NJ,07114-1116,549000,6,3.5,Newark City,2400,5227,1929,16,229,,Active,,,http://www.redfin.com/NJ/Newark/9-Hanford-St-07114/unit-11/home/36291283,GSMLS,3692182,N,Y,40.6942285,-74.2031143
MLS Listing,,Single Family Residential,35 S Munn Ave,Newark,NJ,7106,299000,4,2.5,Newark,,2500,,18,,,Active,,,http://www.redfin.com/NJ/Newark/35-S-Munn-Ave-07106/home/36292994,NJMLS,21005071,N,Y,40.7439309,-74.2185516
MLS Listing,,Condo/Co-op,15-17 Gotthardt St,Newark,NJ,7105,309999,2,1,Newark,,,,18,,,Active,,,http://www.redfin.com/NJ/Newark/15-Gotthardt-St-07105/home/36079450,NJMLS,21005039,N,Y,40.7199263,-74.15487
MLS Listing,,Multi-Family (2-4 Unit),164-166 Ridge St,Newark,NJ,7104,590000,8,5.5,Newark,,5118,,19,,,Active,,,http://www.redfin.com/NJ/Newark/164-Ridge-St-07104/home/36238945,NJMLS,21005031,N,Y,40.7584501,-74.1774575
MLS Listing,,Single Family Residential,161 Steuben St,East Orange,NJ,7018,359000,6,3,East Orange,,3123,,19,,,Active,,,http://www.redfin.com/NJ/East-Orange/161-Steuben-St-07018/home/36142672,NJMLS,21005029,N,Y,40.7514778,-74.2034645
MLS Listing,,Single Family Residential,443 S 18th St,Newark,NJ,7103,249900,6,2,Newark,,,,19,,,Active,,,http://www.redfin.com/NJ/Newark/443-S-18th-St-07103/home/36235417,NJMLS,21005028,N,Y,40.7415227,-74.2082338
MLS Listing,,Single Family Residential,850 S 11th St,Newark City,NJ,7108,450000,6,5.5,Newark City,3000,6098,1920,19,150,,Active,,,http://www.redfin.com/NJ/Newark/850-S-11th-St-07108/home/103185157,GSMLS,3691957,N,Y,40.7239921,-74.2076147
MLS Listing,,Multi-Family (2-4 Unit),90 Vincent St,Newark City,NJ,07105-4312,595000,6,5,Newark City,,1742,2008,19,,,Active,,,http://www.redfin.com/NJ/Newark/90-Vincent-St-07105/home/36269218,GSMLS,3691921,N,Y,40.729392,-74.1362338
MLS Listing,,Multi-Family (2-4 Unit),113 S 7th St,Newark,NJ,7107,380000,7,3,Newark,,3001,,19,,,Active,,,http://www.redfin.com/NJ/Newark/113-S-7th-St-07107/home/36257850,NJMLS,21004946,N,Y,40.7452306,-74.1955306
MLS Listing,,Single Family Residential,883 Hunterdon St,Newark City,NJ,07112-2651,260000,3,1.5,Newark City,,2613,1993,19,,,Active,,,http://www.redfin.com/NJ/Newark/883-Hunterdon-St-07112/home/36283148,GSMLS,3691879,N,Y,40.7130114,-74.2033613
MLS Listing,,Multi-Family (2-4 Unit),521-525 N 5th St,Newark,NJ,7107,590000,6,3,Newark,,6521,,20,,,Active,,,http://www.redfin.com/NJ/Newark/521-N-5th-St-07107/home/36266178,NJMLS,21004904,N,Y,40.766104,-74.181839
MLS Listing,,Vacant Land,109 Mt Pleasant Ave,Newark City,NJ,07104-3918,800000,,,Newark City,,10890,,20,,,Active,,,http://www.redfin.com/NJ/Newark/109-111-Mt-Pleasant-Ave-07104/home/113649388,GSMLS,3691845,N,Y,40.7582261,-74.1677773
MLS Listing,,Multi-Family (2-4 Unit),166 Astor St,Newark,NJ,7114,599000,6,5,Newark,,,,20,,,Active,,,http://www.redfin.com/NJ/Newark/166-Astor-St-07114/home/36256561,NJMLS,21004855,N,Y,40.7199063,-74.1774604
MLS Listing,,Multi-Family (2-4 Unit),57 Dawson St,Newark City,NJ,07114-2603,885000,8,6,South Ironbound,,3920,2002,20,,,Active,,,http://www.redfin.com/NJ/Newark/57-Dawson-St-07114/home/36256351,GSMLS,3691783,N,Y,40.7213633,-74.1713142
MLS Listing,,Multi-Family (2-4 Unit),121 Palm St,Newark,NJ,7106,299000,4,3,Newark,,2500,,20,,,Active,,,http://www.redfin.com/NJ/Newark/121-Palm-St-07106/home/36302974,NJMLS,21004831,N,Y,40.7505026,-74.2299235
MLS Listing,,Multi-Family (2-4 Unit),521 525 N 5th St,Newark City,NJ,07107-2417,590000,6,3,Newark City,2997,6534,1900,20,197,,Active,,,http://www.redfin.com/NJ/Newark/525-N-5th-St-07107/home/174424648,GSMLS,3691674,N,Y,40.7661967,-74.1818476
MLS Listing,,Multi-Family (2-4 Unit),,Newark City,NJ,07112-2216,350000,7,7.5,,,3920,,20,,,Active,,,http://www.redfin.com/NJ/Newark/Undisclosed-address-07112/home/174424324,GSMLS,3691658,N,Y,40.7132136,-74.2120629
MLS Listing,,Multi-Family (2-4 Unit),77 Cutler St,Newark City,NJ,07104-2563,375000,6,3,Newark City,2247,2178,1892,21,167,,Active,,,http://www.redfin.com/NJ/Newark/77-Cutler-St-07104/home/36238079,GSMLS,3691639,N,Y,40.7539648,-74.175167
MLS Listing,,Multi-Family (2-4 Unit),179 Schuyler Ave,Newark,NJ,7112,299900,5,3,Newark,,3842,,21,,,Active,,,http://www.redfin.com/NJ/Newark/179-Schuyler-Ave-07112/home/36284902,NJMLS,21004740,N,Y,40.7121338,-74.213324
MLS Listing,,Condo/Co-op,18 Ashby Ln,Newark,NJ,7103,250000,2,2,Newark,,,,21,,,Active,,,http://www.redfin.com/NJ/Newark/18-Ashby-Ln-07103/unit-15C/home/165673028,NJMLS,21004736,N,Y,40.741303,-74.185081
MLS Listing,,Single Family Residential,520-526 Parker St,Newark,NJ,7104,299900,6,5.5,Newark,,10698,,21,,,Active,,,http://www.redfin.com/NJ/Newark/520-Parker-St-07104/home/36245923,NJMLS,21004727,N,Y,40.7714449,-74.1716002
MLS Listing,,Multi-Family (2-4 Unit),63-65 Rose Ter,Newark City,NJ,07108-1618,300000,6,2,Newark City,,3484,1955,21,,,Active,,,http://www.redfin.com/NJ/Newark/63-Rose-Ter-07108/home/36271768,GSMLS,3691552,N,Y,40.7270286,-74.2022391
MLS Listing,,Multi-Family (2-4 Unit),366 Chadwick Ave,Newark,NJ,7112,480000,10,5,Newark,,3872,,21,,,Active,,,http://www.redfin.com/NJ/Newark/366-Chadwick-Ave-07112/home/36283088,NJMLS,21004675,N,Y,40.7134986,-74.2045651
MLS Listing,,Multi-Family (2-4 Unit),134 Alexander St #2,Newark City,NJ,07106-1900,359000,7,2,Newark City,2368,4356,1926,21,152,,Active,,,http://www.redfin.com/NJ/Newark/134-Alexander-St-07106/unit-2/home/174390826,GSMLS,3691530,N,Y,40.7413178,-74.2263928
MLS Listing,,Multi-Family (2-4 Unit),381 Leslie St,Newark,NJ,7112,399000,7,3,Newark,,3999,,21,,,Active,,,http://www.redfin.com/NJ/Newark/381-Leslie-St-07112/home/36291561,NJMLS,21004651,N,Y,40.7112827,-74.2229996
MLS Listing,,Multi-Family (2-4 Unit),37 Schuyler St,Belleville,NJ,7109,525000,6,4,Belleville,,4526,,21,,,Active,,,http://www.redfin.com/NJ/Belleville/37-Schuyler-St-07109/home/36081263,NJMLS,21004614,N,Y,40.7821283,-74.1513608
MLS Listing,,Single Family Residential,40 Pine Grove Ter,Newark,NJ,7106,300000,4,1.5,Newark,,2465,,22,,,Active,,,http://www.redfin.com/NJ/Newark/40-Pine-Grove-Ter-07106/home/36294236,NJMLS,21004598,N,Y,40.743799,-74.2231371
MLS Listing,,Condo/Co-op,15-17 Gotthardt St Unit 1B,Newark City,NJ,07105-3018,309999,2,1,Ironbound,1166,1306,2009,22,266,,Active,,,http://www.redfin.com/NJ/Newark/15-Gotthardt-St-07105/unit-1B/home/36079655,GSMLS,3691419,N,Y,40.7199263,-74.15487
MLS Listing,,Vacant Land,402 Myrtle Ave,Irvington,NJ,7111,60000,,,Irvington,,,,22,,,Active,,,http://www.redfin.com/NJ/Irvington/402-Myrtle-Ave-07111/home/148326271,NJMLS,21004583,N,Y,40.73886,-74.218041
MLS Listing,,Multi-Family (2-4 Unit),40 Washington Ave,Belleville,NJ,7109,879000,4,5,Belleville,,2500,,22,,,Active,,,http://www.redfin.com/NJ/Belleville/40-Washington-Ave-07109/home/36080973,NJMLS,21004560,N,Y,40.7824761,-74.1538379
MLS Listing,,Multi-Family (2-4 Unit),144 Walnut St,Newark,NJ,7105,639000,9,4,Newark,,2849,,22,,,Active,,,http://www.redfin.com/NJ/Newark/144-Walnut-St-07105/home/36252595,NJMLS,21004545,N,Y,40.7283764,-74.1681493
MLS Listing,,Vacant Land,40 CARTERET St,Newark City,NJ,07104-3428,525000,,,Newark City,,6534,,22,,,Active,,,http://www.redfin.com/NJ/Newark/40-Carteret-St-07104/home/36248396,GSMLS,3691373,N,Y,40.7736229,-74.1632354
MLS Listing,,Multi-Family (2-4 Unit),231-233 Renner Ave,Newark,NJ,7112,489900,10,3,Newark,,4099,,22,,,Active,,,http://www.redfin.com/NJ/Newark/231-Renner-Ave-07112/home/36282825,NJMLS,21004523,N,Y,40.7129084,-74.2089222
MLS Listing,,Single Family Residential,33 Melrose Ave,Newark,NJ,7106,210000,3,1.5,Newark,,3341,,22,,,Active,,,http://www.redfin.com/NJ/Newark/33-Melrose-Ave-07106/home/36294549,NJMLS,21004511,N,Y,40.7389434,-74.2243293
MLS Listing,,Townhouse,18 Ashby Ln #1,Newark City,NJ,07103-3198,250000,2,2.5,Society Hill,,,1990,22,,,Active,,,http://www.redfin.com/NJ/Newark/18-Ashby-Ln-07103/unit-1/home/170394451,GSMLS,3691309,N,Y,40.741303,-74.185081
MLS Listing,,Single Family Residential,122 Carolina Ave,Newark City,NJ,07106-2717,229000,3,2,Vailsburg,,3920,1925,22,,,Active,,,http://www.redfin.com/NJ/Newark/122-Carolina-Ave-07106/home/36294710,GSMLS,3691293,N,Y,40.7379874,-74.2257057
MLS Listing,,Single Family Residential,96 W Alpine St,Newark,NJ,7108,199999,4,1.5,Newark,,1163,,23,,,Active,,,http://www.redfin.com/NJ/Newark/96-W-Alpine-St-07108/home/36274257,NJMLS,21004447,N,Y,40.720119,-74.1952912
MLS Listing,,Multi-Family (2-4 Unit),331 W Runyon St,Newark,NJ,7108,265000,4,2,Newark,,3446,,23,,,Active,,,http://www.redfin.com/NJ/Newark/331-W-Runyon-St-07108/home/36278989,NJMLS,21004421,N,Y,40.7198652,-74.2102974
MLS Listing,,Multi-Family (2-4 Unit),374-376 Chadwick Ave,Newark,NJ,7112,449900,11,3,Newark,,,,23,,,Active,,,http://www.redfin.com/NJ/Newark/374-Chadwick-Ave-07112/home/36283089,NJMLS,21004404,N,Y,40.71331,-74.2051592
MLS Listing,,Single Family Residential,35 Richelieu Ter,Newark,NJ,7106,339000,4,2,Newark,,3250,,23,,,Active,,,http://www.redfin.com/NJ/Newark/35-Richelieu-Ter-07106/home/36301314,NJMLS,21004393,N,Y,40.7443716,-74.2343597
MLS Listing,,Multi-Family (2-4 Unit),57 N 7th St,Newark City,NJ,07107-2954,409000,7,4,Newark City,2850,2178,1887,23,144,,Active,,,http://www.redfin.com/NJ/Newark/57-N-7th-St-07107/home/51591464,GSMLS,3691111,N,Y,40.7513586,-74.1917814
MLS Listing,,Multi-Family (2-4 Unit),148 4th Ave,Newark,NJ,7104,389000,6,3,Newark,,1625,,23,,,Active,,,http://www.redfin.com/NJ/Newark/148-4th-Ave-07104/home/36240189,NJMLS,21004354,N,Y,40.7575612,-74.1738942
MLS Listing,,Single Family Residential,134 Alexander St,Newark,NJ,7106,359000,7,2,Newark,,4373,,23,,,Active,,,http://www.redfin.com/NJ/Newark/134-Alexander-St-07106/home/36294356,NJMLS,21004346,N,Y,40.7413178,-74.2263928
MLS Listing,,Multi-Family (2-4 Unit),171 Clifford St,Newark City,NJ,07105-1925,895000,9,6,Ironbound,4400,4356,2012,25,203,,Active,,,http://www.redfin.com/NJ/Newark/171-Clifford-St-07105/home/51590824,GSMLS,3690898,N,Y,40.7189566,-74.1607644
MLS Listing,,Multi-Family (2-4 Unit),306 S 10th St,Newark,NJ,7103,340000,5,3,Newark,,3498,,26,,,Active,,,http://www.redfin.com/NJ/Newark/306-S-10th-St-07103/home/36256515,NJMLS,21004180,N,Y,40.7422352,-74.1995205
MLS Listing,,Multi-Family (2-4 Unit),114 W END Ave,Newark City,NJ,07106-1913,400000,7,5,Newark City,,3920,1922,26,,,Active,,,http://www.redfin.com/NJ/Newark/114-W-End-Ave-07106/home/36294554,GSMLS,3690841,N,Y,40.7414612,-74.2241001
MLS Listing,,Multi-Family (2-4 Unit),194 Hobson St,Newark City,NJ,07112-1324,249999,4,2,Newark City,,3920,1922,26,,,Active,,,http://www.redfin.com/NJ/Newark/194-Hobson-St-07112/home/36280560,GSMLS,3690808,N,Y,40.7134506,-74.2191899
MLS Listing,,Single Family Residential,469 S 16th St,Newark,NJ,7103,199900,3,2,Newark,,1681,,26,,,Active,,,http://www.redfin.com/NJ/Newark/469-S-16th-St-07103/home/36236283,NJMLS,21004131,N,Y,40.7398422,-74.2069411
MLS Listing,,Multi-Family (2-4 Unit),107 ROSE Ter,Newark City,NJ,07108-1618,365000,7,3,Newark City,,4356,1915,27,,,Active,,,http://www.redfin.com/NJ/Newark/107-Rose-Ter-07108/home/36271704,GSMLS,3690714,N,Y,40.7274232,-74.2043817
MLS Listing,,Multi-Family (2-4 Unit),52 MONTICELLO Ave,Newark City,NJ,07106-1506,429000,6,3,Newark City,,4356,1952,27,,,Active,,,http://www.redfin.com/NJ/Newark/52-Monticello-Ave-07106/home/36303135,GSMLS,3690614,N,Y,40.7474494,-74.2347126
MLS Listing,,Condo/Co-op,97 Tiffany Blvd,Newark,NJ,7104,185000,1,1,Newark,,,,27,,,Active,,,http://www.redfin.com/NJ/Newark/97-Tiffany-Blvd-07104/unit-97A/home/165585073,NJMLS,21003983,N,Y,40.7855702,-74.1655818
MLS Listing,,Single Family Residential,307 Stuyvesant Ave,Newark,NJ,7106,299000,3,1,Newark,,3729,,28,,,Active,,,http://www.redfin.com/NJ/Newark/307-Stuyvesant-Ave-07106/home/36296861,NJMLS,21003946,N,Y,40.7360968,-74.2332707
MLS Listing,,Multi-Family (2-4 Unit),107-109 Fabyan Pl,Newark,NJ,7112,550000,8,5,Newark,,4055,,28,,,Active,,,http://www.redfin.com/NJ/Newark/107-Fabyan-Pl-07112/home/113880609,NJMLS,21003886,N,Y,40.720083,-74.2180563
MLS Listing,,Multi-Family (2-4 Unit),64 New York Ave,Newark,NJ,7105,445000,6,2,Newark,,2749,,29,,,Active,,,http://www.redfin.com/NJ/Newark/64-New-York-Ave-07105/home/36252282,NJMLS,21003810,N,Y,40.727335,-74.167404
MLS Listing,,Multi-Family (2-4 Unit),34-36 N 6th St,Newark,NJ,7107,499000,7,3,Newark,,5001,,29,,,Active,,,http://www.redfin.com/NJ/Newark/34-N-6th-St-07107/home/36259731,NJMLS,21003786,N,Y,40.7496768,-74.1923699
MLS Listing,,Multi-Family (2-4 Unit),11 Sunset Ave,Newark,NJ,7106,289000,4,2,Newark,,2500,,29,,,Active,,,http://www.redfin.com/NJ/Newark/11-Sunset-Ave-07106/home/36295969,NJMLS,21003761,N,Y,40.7452594,-74.224742
MLS Listing,,Multi-Family (2-4 Unit),45 Lenox Ave,Irvington,NJ,7111,350000,5,3,Irvington,,4247,,29,,,Active,,,http://www.redfin.com/NJ/Irvington/45-Lenox-Ave-07111/home/36169009,NJMLS,21003744,N,Y,40.7354294,-74.2304279
MLS Listing,,Multi-Family (2-4 Unit),402 S 15th St,Newark,NJ,7103,450000,7,3,Newark,,2500,,30,,,Active,,,http://www.redfin.com/NJ/Newark/402-S-15th-St-07103/home/36235337,NJMLS,21003695,N,Y,40.7413699,-74.204932
MLS Listing,,Single Family Residential,845-849 LAKE St,Newark City,NJ,07104-2307,699000,6,2.5,Newark City,3200,7405,1905,31,218,,Active,,,http://www.redfin.com/NJ/Newark/845-Lake-St-07104/home/36250194,GSMLS,3690031,N,Y,40.7802664,-74.1683959
MLS Listing,,Multi-Family (2-4 Unit),78 ELM St,Newark City,NJ,07105-1311,479900,6,3,Irounbound,,2178,1920,31,,,Active,,,http://www.redfin.com/NJ/Newark/78-Elm-St-07105/home/36252625,GSMLS,3690010,N,Y,40.7290058,-74.1678856
MLS Listing,,Multi-Family (2-4 Unit),169 CLIFFORD St,Newark City,NJ,07105-1925,879000,9,6,Ironbound,1700,4356,2012,31,517,,Active,,,http://www.redfin.com/NJ/Newark/169-Clifford-St-07105/home/51590827,GSMLS,3690007,N,Y,40.71898,-74.160878
MLS Listing,,Single Family Residential,61 Cutler St,Newark,NJ,7104,156900,3,1,Newark,,2082,,32,,,Active,,,http://www.redfin.com/NJ/Newark/61-Cutler-St-07104/home/36238054,NJMLS,21003535,N,Y,40.7534257,-74.1753849
MLS Listing,,Multi-Family (2-4 Unit),237 21st St,Irvington,NJ,7111,344900,6,2,Irvington,,2496,,32,,,Active,,,http://www.redfin.com/NJ/Irvington/237-21st-St-07111/home/36174005,NJMLS,21003520,N,Y,40.7354608,-74.2135074
MLS Listing,,Multi-Family (2-4 Unit),627 Hunterdon St,Newark,NJ,7108,499000,7,5,Newark,,2627,,33,,,Active,,,http://www.redfin.com/NJ/Newark/627-Hunterdon-St-07108/home/145847946,NJMLS,21003491,N,Y,40.722117,-74.199192
MLS Listing,,Condo/Co-op,411 Chestnut St Unit 2D,Newark,NJ,7105,280000,1,1,Newark,,,,33,,,Active,,,http://www.redfin.com/NJ/Newark/411-Chestnut-St-07105/unit-2D/home/36074240,NJMLS,21003449,N,Y,40.7205254,-74.1579132
MLS Listing,,Townhouse,115 1/2 University Ave,Newark,NJ,7102,499900,3,3,Newark,1250,,,33,400,,Active,,,http://www.redfin.com/NJ/Newark/1-University-Ave-07102/home/174319990,NJMLS,21003373,N,Y,40.73206,-74.1786002
MLS Listing,,Single Family Residential,112 S 11th St,Newark,NJ,7107,239900,3,1,Newark,,1899,,33,,,Active,,,http://www.redfin.com/NJ/Newark/112-S-11th-St-07107/home/36259204,NJMLS,21003368,N,Y,40.7504773,-74.1963745
MLS Listing,,Multi-Family (2-4 Unit),30-32 Garden St,Newark,NJ,7105,949000,9,6,Newark,,4,,33,,,Active,,,http://www.redfin.com/NJ/Newark/30-32-Garden-St-07105/home/36372646,NJMLS,21003363,N,Y,40.7273504,-74.1696224
MLS Listing,,Multi-Family (2-4 Unit),22 Van Rensselear St,Belleville,NJ,7109,349900,4,2,Belleville,,5001,,34,,,Active,,,http://www.redfin.com/NJ/Belleville/22-Van-Rensselear-St-07109/home/36082434,NJMLS,21003310,N,Y,40.7835569,-74.1549388
MLS Listing,,Multi-Family (2-4 Unit),246 21ST St,Irvington Twp.,NJ,07111-4426,399995,6,3,Irvington Twp.,19998,5662,1918,34,20,,Active,,,http://www.redfin.com/NJ/Irvington/246-21st-St-07111/home/36174032,GSMLS,3689447,N,Y,40.7350762,-74.213175
MLS Listing,,Multi-Family (2-4 Unit),391 S 18th St,Newark,NJ,7103,400000,7,3,Newark,,,,35,,,Active,,,http://www.redfin.com/NJ/Newark/391-S-18th-St-07103/home/36256238,NJMLS,21003188,N,Y,40.7434664,-74.2074441
MLS Listing,,Multi-Family (2-4 Unit),179 N 11th St,Newark,NJ,7107,485000,11,3,Newark,,2500,,35,,,Active,,,http://www.redfin.com/NJ/Newark/179-N-11th-St-07107/home/36263167,NJMLS,21003171,N,Y,40.7613176,-74.1907151
MLS Listing,,Townhouse,19 1/2 Wakeman Ave,Newark,NJ,7104,299900,3,2,Newark,,,,35,,,Active,,,http://www.redfin.com/NJ/Newark/2-Wakeman-Ave-07104/home/36241372,NJMLS,21003124,N,Y,40.761822,-74.1693075
MLS Listing,,Multi-Family (2-4 Unit),116 Garside St,Newark,NJ,7104,359000,6,4,Newark,,2479,,35,,,Active,,,http://www.redfin.com/NJ/Newark/116-Garside-St-07104/home/36239149,NJMLS,21003121,N,Y,40.7552262,-74.1759009
MLS Listing,,Single Family Residential,28 GOTTHARDT St,Newark City,NJ,07105-3019,299900,2,1,Newark City,,1742,1904,36,,,Active,,,http://www.redfin.com/NJ/Newark/28-Gotthardt-St-07105/home/36255602,GSMLS,3689232,N,Y,40.7205037,-74.1546456
MLS Listing,,Multi-Family (2-4 Unit),53 SANDFORD Pl,Newark City,NJ,07106-3419,475000,7,3,Newark City,29997,3920,,36,16,,Active,,,http://www.redfin.com/NJ/Newark/53-Sanford-Pl-07106/home/36301524,GSMLS,3689202,N,Y,40.7341349,-74.2404887
MLS Listing,,Multi-Family (2-4 Unit),157 NORMAN Rd,Newark City,NJ,07106-3309,319000,5,3,Vailsburg,1930,4356,1930,36,165,,Active,,,http://www.redfin.com/NJ/Newark/157-Norman-Rd-07106/home/36305329,GSMLS,3689181,N,Y,40.73517,-74.2434978
MLS Listing,,Single Family Residential,357 N 11th St,Newark,NJ,7107,329000,3,2.5,Newark,,3759,,36,,,Active,,,http://www.redfin.com/NJ/Newark/357-N-11th-St-07107/home/36265871,NJMLS,21002977,N,Y,40.7675544,-74.1875506
MLS Listing,,Multi-Family (2-4 Unit),74 Clifford St,Newark,NJ,7105,879000,9,6,Newark,,3859,,36,,,Active,,,http://www.redfin.com/NJ/Newark/74-Clifford-St-07105/home/36064049,NJMLS,21002966,N,Y,40.7209137,-74.1650762
MLS Listing,,Multi-Family (2-4 Unit),162 S 7th St,Newark,NJ,7103,599900,8,6,Newark,,4051,,36,,,Active,,,http://www.redfin.com/NJ/Newark/162-S-7th-St-07103/home/36066365,NJMLS,21002953,N,Y,40.7433892,-74.1958975
MLS Listing,,Single Family Residential,344-346 Ridge St,Newark,NJ,7104,549000,5,4.5,Newark,,5001,,36,,,Active,,,http://www.redfin.com/NJ/Newark/344-Ridge-St-07104/home/36241478,NJMLS,21002946,N,Y,40.7648982,-74.1740065
MLS Listing,,Condo/Co-op,272 WALNUT St #14,Newark City,NJ,07105-1717,300000,2,1,Ironbound,,7405,1985,36,,185,Active,,,http://www.redfin.com/NJ/Newark/272-Walnut-St-07105/unit-14/home/174290206,GSMLS,3689071,N,Y,40.726718,-74.1624473
MLS Listing,,Vacant Land,314-316 W Runyon St,Newark,NJ,7108,155000,,,Newark,,,,37,,,Active,,,http://www.redfin.com/NJ/Newark/314-W-Runyon-St-07108/unit-316/home/36278941,NJMLS,21002817,N,Y,40.7193566,-74.2097644
MLS Listing,,Vacant Land,770-778 Mount Prospect Ave,Newark,NJ,7104,2000000,,,Newark,,,,37,,,Active,,,http://www.redfin.com/NJ/Newark/770-Mt-Prospect-Ave-07104/unit-778/home/165584489,NJMLS,21002816,N,Y,40.7787953,-74.1645397
MLS Listing,,Vacant Land,26 Edwin Pl,Newark,NJ,7112,135000,,,Newark,,,,37,,,Active,,,http://www.redfin.com/NJ/Newark/26-Edwin-Pl-07112/home/36280280,NJMLS,21002810,N,Y,40.715421,-74.216128
MLS Listing,,Multi-Family (2-4 Unit),8-10 Pennsylvania Ave,Newark,NJ,7102,500000,7,3,Newark,,2500,,37,,,Active,,,http://www.redfin.com/NJ/Newark/8-Pennsylvania-Ave-07102/home/36275246,NJMLS,21002791,N,Y,40.7255732,-74.1800782
MLS Listing,,Condo/Co-op,63-69 Rome St Unit D-2,Newark,NJ,7105,279900,2,1,Newark,850,,,38,329,,Active,,,http://www.redfin.com/NJ/Newark/63-Rome-St-07105/unit-D2/home/174279463,NJMLS,21002753,N,Y,40.7231042,-74.1468194
MLS Listing,,Multi-Family (2-4 Unit),276 ORANGE St,Newark City,NJ,07103-3223,609000,5,2.55,Newark City,3,,,39,203000,,Active,,,http://www.redfin.com/NJ/Newark/276-Orange-St-07103/home/174278182,GSMLS,3688764,N,Y,40.7485732,-74.1805457
MLS Listing,,Multi-Family (2-4 Unit),131-133 Huntington Ter,Newark,NJ,7112,759000,13,7.5,Newark,,5750,,39,,,Active,,,http://www.redfin.com/NJ/Newark/131-Huntington-Ter-07112/home/36284811,NJMLS,21002686,N,Y,40.7131252,-74.2111582
MLS Listing,,Single Family Residential,567 LAKE St,Newark City,NJ,07104-1435,359000,3,1.5,Newark City,,4791,1955,39,,,Active,,,http://www.redfin.com/NJ/Newark/567-Lake-St-07104/home/36245823,GSMLS,3688741,N,Y,40.7703121,-74.1735891
MLS Listing,,Multi-Family (2-4 Unit),86 Barbara St,Newark,NJ,7105,739000,6,5,Newark,,2500,,40,,,Active,,,http://www.redfin.com/NJ/Newark/86-Barbara-St-07105/home/36268678,NJMLS,21002628,N,Y,40.7246383,-74.1472208
MLS Listing,,Multi-Family (2-4 Unit),204 Chestnut St,Newark,NJ,7105,339900,4,2,Newark,,1503,,40,,,Active,,,http://www.redfin.com/NJ/Newark/204-Chestnut-St-07105/home/36253209,NJMLS,21002568,N,Y,40.7241084,-74.1669935
MLS Listing,,Multi-Family (2-4 Unit),131-133 HUNTINGTON Ter #4,Newark City,NJ,07112-1808,747500,13,7.5,Newark City,4308,5662,2019,40,174,,Active,,,http://www.redfin.com/NJ/Newark/131-Huntington-Ter-07112/unit-4/home/174265776,GSMLS,3688569,N,Y,40.7131252,-74.2111582
MLS Listing,,Multi-Family (2-4 Unit),114 MCWHORTER St,Newark City,NJ,07105-1316,699000,6,3,Ironbound,3000,,,40,233,,Active,,,http://www.redfin.com/NJ/Newark/114-McWhorter-St-07105/home/51591367,GSMLS,3688535,N,Y,40.7290235,-74.1670549
MLS Listing,,Single Family Residential,58 ALEXANDER St,Newark City,NJ,07106-1905,70000,3,1,Newark City,1513,5227,1917,41,46,,Active,,,http://www.redfin.com/NJ/Newark/58-Alexander-St-07106/home/36294415,GSMLS,3688423,N,Y,40.7435468,-74.2246503
MLS Listing,,Single Family Residential,133 BRILL St,Newark City,NJ,07105-3910,350000,3,2,Ironbound,,2178,1900,41,,,Active,,,http://www.redfin.com/NJ/Newark/1-Brill-St-07105/home/165718041,GSMLS,3688374,N,Y,40.7335601,-74.1437
MLS Listing,,Condo/Co-op,17-21 PATERSON St Unit A-3,Newark City,NJ,07105-3259,215000,1,1,Newark City,,,1985,42,,173,Active,,,http://www.redfin.com/NJ/Newark/17-Patterson-St-07105/unit-A3/home/100381874,GSMLS,3688223,N,Y,40.7267616,-74.1530581
MLS Listing,,Condo/Co-op,17-21 Patterson St Unit A3 1ST FL,Newark,NJ,7105,215000,1,1,Newark,,,,42,,,Active,,,http://www.redfin.com/NJ/Newark/17-Patterson-St-07105/unit-A3-1ST-FL/home/174235381,NJMLS,21002348,N,Y,40.7267616,-74.1530581
MLS Listing,,Multi-Family (2-4 Unit),813 Mount Prospect Ave,Newark,NJ,7104,335500,5,3,Newark,,2400,,42,,,Active,,,http://www.redfin.com/NJ/Newark/813-Mt-Prospect-Ave-07104/home/36251183,NJMLS,21002337,N,Y,40.7801097,-74.1631038
MLS Listing,,Multi-Family (2-4 Unit),163 S 6th St,Newark,NJ,7103,484777,8,4,Newark,,3537,,42,,,Active,,,http://www.redfin.com/NJ/Newark/163-S-6th-St-07103/home/36258159,NJMLS,21002299,N,Y,40.7423463,-74.1958975
MLS Listing,,Multi-Family (2-4 Unit),528 NORWOOD St,East Orange City,NJ,07018-1037,219900,6,2,East Orange City,19998,2613,1940,42,11,,Active,,,http://www.redfin.com/NJ/East-Orange/528-Norwood-St-07018/home/36149866,GSMLS,3688137,N,Y,40.7478715,-74.2271264
MLS Listing,,Vacant Land,702 S 20TH St,Newark City,NJ,07103-1092,109000,,,Newark City,,2613,,42,,,Active,,,http://www.redfin.com/NJ/Newark/702-S-20th-St-07103/home/36236626,GSMLS,3687915,N,Y,40.7325071,-74.2131729
MLS Listing,,Condo/Co-op,18 Carmella Ct,Newark,NJ,7104,170000,3,1.5,Newark,,,,42,,,Active,,,http://www.redfin.com/NJ/Newark/18-Carmella-Ct-07104/home/36372764,NJMLS,21002247,N,Y,40.7697708,-74.1646652
MLS Listing,,Multi-Family (5+ Unit),33 Read St,Newark,NJ,7105,1300000,12,,Newark,5000,,,43,260,,Active,,,http://www.redfin.com/NJ/Newark/33-Read-St-07105/home/36268517,NJMLS,21002128,N,Y,40.7314874,-74.1492966
MLS Listing,,Vacant Land,609 HUNTERDON St,Newark City,NJ,07108-1915,160000,,,Newark City,,5227,,44,,,Active,,,http://www.redfin.com/NJ/Newark/609-Hunterdon-St-07108/home/174393163,GSMLS,3687786,N,Y,40.72271,-74.1989169
MLS Listing,,Multi-Family (2-4 Unit),42 Farley Ave,Newark,NJ,7108,299000,0,,Newark,,4103,,44,,,Active,,,http://www.redfin.com/NJ/Newark/42-Farley-Ave-07108/home/36273216,NJMLS,21002015,N,Y,40.7242689,-74.201997
MLS Listing,,Condo/Co-op,15 TICHENOR Ln #406,Newark City,NJ,07114-2514,298000,3,2,Newark City,,1306,2008,44,,275,Active,,,http://www.redfin.com/NJ/Newark-City/15-TICHENOR-Ln-07114/unit-406/home/148309399,GSMLS,3687724,N,Y,40.722227,-74.178228
MLS Listing,,Single Family Residential,276 S 19TH St,Newark City,NJ,07103-1321,160000,2,1,Newark City,,2613,,45,,,Active,,,http://www.redfin.com/NJ/Newark/276-S-19th-St-07103/home/36257753,GSMLS,3687547,N,Y,40.7474999,-74.2060211
MLS Listing,,Single Family Residential,529 CLINTON Pl,Newark City,NJ,07112-1771,335000,3,2,Weequahic,,3920,1952,46,,,Active,,,http://www.redfin.com/NJ/Newark/529-Clinton-Pl-07112/home/36290120,GSMLS,3687480,N,Y,40.7064532,-74.2204376
MLS Listing,,Multi-Family (2-4 Unit),341 N 12TH St,Newark City,NJ,07107-1849,439000,2,3,North Newark,,3484,1922,46,,,Active,,,http://www.redfin.com/NJ/Newark/341-N-12th-St-07107/home/36265820,GSMLS,3687458,N,Y,40.7682317,-74.188144
MLS Listing,,Single Family Residential,1041 HUNTERDON St,Newark City,NJ,07112-2412,234900,3,2,Newark City,1665,3049,1920,46,141,,Active,,,http://www.redfin.com/NJ/Newark/1041-Hunterdon-St-07112/home/36286273,GSMLS,3687453,N,Y,40.7078877,-74.2074886
MLS Listing,,Multi-Family (2-4 Unit),474 S 13th St,Newark,NJ,7103,499950,9,3,Newark,,2500,,47,,,Active,,,http://www.redfin.com/NJ/Newark/474-S-13th-St-07103/home/36235285,NJMLS,21001837,N,Y,40.737668,-74.2044275
MLS Listing,,Multi-Family (2-4 Unit),880-882 S 19th St,Newark,NJ,7108,355000,5,3,Newark,,,,47,,,Active,,,http://www.redfin.com/NJ/Newark/880-S-19th-St-07108/home/36277246,NJMLS,21001832,N,Y,40.7257024,-74.2147523
MLS Listing,,Multi-Family (2-4 Unit),814 S 17TH,Newark City,NJ,07108-1102,450000,12,3,Newark City,19998,2613,1930,47,23,,Active,,,http://www.redfin.com/NJ/Newark/814-S-17th-St-07108/home/36273450,GSMLS,3687405,N,Y,40.727322,-74.2122234
MLS Listing,,Multi-Family (2-4 Unit),82-86 Montclair Ave,Newark,NJ,7104,509900,5,3,Newark,,15647,,47,,,Active,,,http://www.redfin.com/NJ/Newark/82-Montclair-Ave-07104/home/36249945,NJMLS,21001756,N,Y,40.7770661,-74.1590264
MLS Listing,,Single Family Residential,791 S 14th St,Newark,NJ,7108,259000,5,2,Newark,,2091,,47,,,Active,,,http://www.redfin.com/NJ/Newark/791-S-14th-St-07108/home/36273606,NJMLS,21001726,N,Y,40.7269579,-74.2099649
MLS Listing,,Multi-Family (2-4 Unit),235 PESHINE Ave,Newark City,NJ,7108,370000,7,3,Newark City,29997,2613,1913,48,12,,Active,,,http://www.redfin.com/NJ/Newark/235-Peshine-Ave-07108/home/36274686,GSMLS,3687092,N,Y,40.7194724,-74.1991995
MLS Listing,,Multi-Family (2-4 Unit),143 HUNTINGTON Ter,Newark City,NJ,07112-1808,649000,10,5.5,Newark City,4308,7405,1923,49,151,,Active,,,http://www.redfin.com/NJ/Newark/143-Huntington-Ter-07112/home/36284791,GSMLS,3686976,N,Y,40.7127548,-74.2114288
MLS Listing,,Multi-Family (2-4 Unit),131 11th Ave,Newark,NJ,7107,364900,6,3,Newark,,1873,,49,,,Active,,,http://www.redfin.com/NJ/Newark/131-11th-Ave-W-07107/home/36258731,NJMLS,21001477,N,Y,40.7474703,-74.1989094
MLS Listing,,Single Family Residential,200 Parker St,Newark,NJ,7104,230000,3,2,Newark,,1520,,49,,,Active,,,http://www.redfin.com/NJ/Newark/200-Parker-St-07104/home/36239913,NJMLS,21001401,N,Y,40.7599225,-74.1775177
MLS Listing,,Multi-Family (2-4 Unit),367-369 Chadwick Ave,Newark,NJ,7112,390000,6,3,Newark,,3768,,49,,,Active,,,http://www.redfin.com/NJ/Newark/367-Chadwick-Ave-07112/unit-369/home/36283073,NJMLS,21001364,N,Y,40.713566,-74.2050795
MLS Listing,,Multi-Family (2-4 Unit),268 Chadwick Ave,Newark,NJ,7108,355000,7,3,Newark,,2940,,49,,,Active,,,http://www.redfin.com/NJ/Newark/268-Chadwick-Ave-07108/home/36274567,NJMLS,21001362,N,Y,40.7167829,-74.2029715
MLS Listing,,Multi-Family (2-4 Unit),369 CHADWICK Ave,Newark City,NJ,7108,390000,6,3,Newark City,29997,3920,1907,49,13,,Active,,,http://www.redfin.com/NJ/Newark-City/369-CHADWICK-AVE-07108/home/174161828,GSMLS,3686762,N,Y,40.713374,-74.204896
MLS Listing,,Single Family Residential,22-24 Pine Grove Ter,Newark,NJ,7106,219000,4,2,Newark,,3280,,50,,,Active,,,http://www.redfin.com/NJ/Newark/22-Pine-Grove-Ter-07106/home/36294241,NJMLS,21001305,N,Y,40.7443308,-74.2227071
MLS Listing,,Multi-Family (2-4 Unit),72 Garden St,Newark,NJ,7105,424999,3,2,Newark,,2139,,50,,,Active,,,http://www.redfin.com/NJ/Newark/72-Garden-St-07105/home/36252250,NJMLS,21001274,N,Y,40.7266781,-74.1679544
MLS Listing,,Single Family Residential,22 PINE GROVE Ter #1,Newark City,NJ,07106-1909,219000,4,2,Newark City,,3484,1922,50,,,Active,,,http://www.redfin.com/NJ/Newark/22-Pine-Grove-Ter-07106/unit-1/home/173690279,GSMLS,3686541,N,Y,40.7443594,-74.2227244
MLS Listing,,Condo/Co-op,363-377 Mount Prospect Ave Unit 2D,Newark,NJ,7104,649000,5,3.5,Newark,2600,,,51,250,,Active,,,http://www.redfin.com/NJ/Newark/363-Mt-Prospect-Ave-07104/unit-2D/home/148691997,NJMLS,21001202,N,Y,40.7641316,-74.1710837
MLS Listing,,Single Family Residential,281 N 6TH St,Newark City,NJ,07107-1607,287000,5,3,Newark City,,,1979,51,,,Active,,,http://www.redfin.com/NJ/Newark/281-N-6th-St-07107/home/36262953,GSMLS,3686517,N,Y,40.7581377,-74.1871034
MLS Listing,,Townhouse,95 VAUGHAN Dr,Newark City,NJ,07103-3470,245000,2,1.5,Newark City,,307098,,51,,383,Active,,,http://www.redfin.com/NJ/Newark/95-Vaughan-Dr-07103/home/174151935,GSMLS,3686358,N,Y,40.7392354,-74.1832405
MLS Listing,,Single Family Residential,156-158 Brookdale Ave,Newark,NJ,7106,399999,4,2.5,Newark,,5001,,52,,,Active,,,http://www.redfin.com/NJ/Newark/156-Brookdale-Ave-07106/home/36295916,NJMLS,21001053,N,Y,40.7409277,-74.2286333
MLS Listing,,Multi-Family (2-4 Unit),132 Littleton Ave,Newark,NJ,7103,525000,9,4,Newark,,2500,,52,,,Active,,,http://www.redfin.com/NJ/Newark/132-Littleton-Ave-07103/home/36233865,NJMLS,21001043,N,Y,40.742476,-74.194126
MLS Listing,,Single Family Residential,21 Honiss Pl,Newark,NJ,7104,325000,3,2.5,Newark,,,,52,,,Active,,,http://www.redfin.com/NJ/Newark/21-Honiss-Pl-07104/unit-21A/home/165716488,NJMLS,21001034,N,Y,40.7842265,-74.1650921
MLS Listing,,Single Family Residential,175 Renner Ave,Newark,NJ,7112,140000,3,1,Newark,,3899,,53,,,Active,,,http://www.redfin.com/NJ/Newark/175-Renner-Ave-07112/home/36286630,NJMLS,21000987,N,Y,40.711892,-74.2066679
MLS Listing,,Single Family Residential,93-95 Girard Pl,Newark,NJ,7108,199000,4,1.5,Newark,,5493,,53,,,Active,,,http://www.redfin.com/NJ/Newark/93-Girard-Pl-07108/home/36280411,NJMLS,21000985,N,Y,40.720166,-74.214161
MLS Listing,,Single Family Residential,42 ISABELLA Ave,Newark City,NJ,07106-2027,315000,4,1.5,Newark City,,2613,1915,53,,,Active,,,http://www.redfin.com/NJ/Newark/42-Isabella-Ave-07106/home/36292859,GSMLS,3686192,N,Y,40.743549,-74.220063
MLS Listing,,Multi-Family (2-4 Unit),183 Berkeley Ave,Newark,NJ,7107,419900,7,3,Newark,,2540,,54,,,Active,,,http://www.redfin.com/NJ/Newark/183-Berkeley-Ave-07107/home/36245835,NJMLS,21000845,N,Y,40.7712882,-74.1792032
MLS Listing,,Single Family Residential,435 Halsted St,East Orange,NJ,7018,319000,3,2,East Orange,,2496,,54,,,Active,,,http://www.redfin.com/NJ/East-Orange/435-Halsted-St-07018/home/36156579,NJMLS,21000832,N,Y,40.7525962,-74.2257623
MLS Listing,,Multi-Family (2-4 Unit),156 Garside St,Newark,NJ,7104,550000,9,3,Newark,,2500,,54,,,Active,,,http://www.redfin.com/NJ/Newark/156-Garside-St-07104/home/36238874,NJMLS,21000809,N,Y,40.7567774,-74.1751212
MLS Listing,,Multi-Family (2-4 Unit),146 Delmar Pl,Irvington,NJ,7111,275000,5,2,Irvington,,3746,,55,,,Active,,,http://www.redfin.com/NJ/Irvington/146-Delmar-Pl-07111/home/36170750,NJMLS,21000771,N,Y,40.7362051,-74.2265762
MLS Listing,,Multi-Family (5+ Unit),775 Highland Ave,Newark,NJ,7104,949000,7,,Newark,4485,,,55,212,,Active,,,http://www.redfin.com/NJ/Newark/775-Highland-Ave-07104/home/36251793,NJMLS,21000685,N,Y,40.7833263,-74.1659477
MLS Listing,,Condo/Co-op,201 DEY St #168,Harrison,NJ,7029,399999,2,2,Harrison,1365,,,55,293,353,Active,,,http://www.redfin.com/NJ/Harrison/201-Dey-St-07029/unit-168/home/36432729,HCMLS,210000519,N,Y,40.7438508,-74.1640441
MLS Listing,,Multi-Family (2-4 Unit),525 S 16TH St,Newark City,NJ,07103-1610,375000,7,3,Newark City,,2613,1911,56,,,Active,,,http://www.redfin.com/NJ/Newark/525-S-16th-St-07103/home/36236644,GSMLS,3685672,N,Y,40.7378208,-74.2077294
MLS Listing,,Multi-Family (2-4 Unit),4 MILLINGTON Ave,Newark City,NJ,07108-1418,375000,8,3.5,Clinton Hills,4000,3049,1900,57,94,,Active,,,http://www.redfin.com/NJ/Newark/4-Millington-Ave-07108/home/36278907,GSMLS,3685559,N,Y,40.719608,-74.207168
MLS Listing,,Condo/Co-op,31 Valsumo Ln #31,Newark,NJ,7105,334900,4,2.5,Newark,2088,,,57,160,,Active,,,http://www.redfin.com/NJ/Newark/31-Valsumo-Ln-07105/unit-31/home/171166906,NJMLS,21000451,N,Y,40.7298241,-74.1488818
MLS Listing,,Multi-Family (2-4 Unit),62-64 Chambers St,Newark,NJ,7105,929000,9,7,Newark,,3798,,57,,,Active,,,http://www.redfin.com/NJ/Newark/62-Chambers-St-07105/home/36266740,NJMLS,21000440,N,Y,40.730465,-74.1522797
MLS Listing,,Townhouse,250 WARREN St,Newark City,NJ,07103-3105,299000,2,2.5,Society Hill,,,1990,57,,375,Active,,,http://www.redfin.com/NJ/Newark/250-Warren-St-07103/unit-34H/home/165624728,GSMLS,3685509,N,Y,40.742702,-74.1843537
MLS Listing,,Single Family Residential,72 HOUSTON St,Newark City,NJ,07105-3112,297000,3,2,Ironbound,,1742,,57,,,Active,,,http://www.redfin.com/NJ/Newark/72-Houston-St-07105/home/36255344,GSMLS,3685508,N,Y,40.7227323,-74.1535971
MLS Listing,,Single Family Residential,193 Garside St,Newark,NJ,7104,349999,4,2,Newark,,2309,,57,,,Active,,,http://www.redfin.com/NJ/Newark/193-Garside-St-07104/home/36239888,NJMLS,21000398,N,Y,40.7581854,-74.1738025
MLS Listing,,Multi-Family (2-4 Unit),882 S 17th St,Newark,NJ,7108,351944,7,3,Newark,,2500,,58,,,Active,,,http://www.redfin.com/NJ/Newark/882-S-17th-St-07108/home/36277300,NJMLS,21000286,N,Y,40.7250416,-74.2130488
MLS Listing,,Single Family Residential,66 HELLER Pkwy,Newark City,NJ,07104-2204,575000,5,4,Newark City,,7840,1915,58,,,Active,,,http://www.redfin.com/NJ/Newark/66-Heller-Pkwy-07104/unit-1/home/174107806,GSMLS,3685199,N,Y,40.7756772,-74.1672778
MLS Listing,,Multi-Family (2-4 Unit),78 N 11th St,Newark,NJ,7107,529000,8,4,Newark,,3001,,59,,,Active,,,http://www.redfin.com/NJ/Newark/78-N-11th-St-07107/home/36261501,NJMLS,21000151,N,Y,40.7577641,-74.1931917
MLS Listing,,Vacant Land,32 N 14th St,Newark,NJ,7107,50000,,,Newark,,,,59,,,Active,,,http://www.redfin.com/NJ/NEWARK/32-N-14TH-ST-07107/home/36260002,NJMLS,21000135,N,Y,40.756909,-74.196392
MLS Listing,,Multi-Family (2-4 Unit),113 TELFORD St #2,Newark City,NJ,07106-1113,475000,7,4.5,Upper Vailsburg,19998,2613,2009,59,24,,Active,,,http://www.redfin.com/NJ/Newark/113-Telford-St-07106/unit-2/home/174105496,GSMLS,3685091,N,Y,40.7500789,-74.2282728
MLS Listing,,Multi-Family (2-4 Unit),676 Hunterdon St,Newark,NJ,7108,375000,7,3,Newark,,,,60,,,Active,,,http://www.redfin.com/NJ/Newark/676-Hunterdon-St-07108/home/36274696,NJMLS,21000099,N,Y,40.7201163,-74.1993829
MLS Listing,,Multi-Family (2-4 Unit),264 SEYMOUR Ave,Newark City,NJ,07108-1516,395950,8,3,Newark City,3108,3049,1910,60,127,,Active,,,http://www.redfin.com/NJ/Newark-City/264-SEYMOUR-AVE-07108/home/174104934,GSMLS,3685043,N,Y,40.722962,-74.201725
MLS Listing,,Multi-Family (2-4 Unit),172 N 14TH St,East Orange City,NJ,07017-5211,298000,6,4.5,East Orange City,1,3484,1967,60,298000,,Active,,,http://www.redfin.com/NJ/East-Orange/172-N-14th-St-07017/home/160424392,GSMLS,3684989,N,Y,40.7610355,-74.1939274
MLS Listing,,Multi-Family (2-4 Unit),77 Pierce St,Newark,NJ,7103,420000,9,3,Newark,,2801,,62,,,Active,,,http://www.redfin.com/NJ/Newark/77-Pierce-St-07103/home/36271940,NJMLS,20052586,N,Y,40.7288183,-74.2085548
MLS Listing,,Multi-Family (2-4 Unit),71 Seymour Ave,Newark,NJ,7108,395950,6,3,Newark,,2484,,62,,,Active,,,http://www.redfin.com/NJ/Newark/71-Seymour-Ave-07108/home/36275599,NJMLS,20052584,N,Y,40.7229938,-74.201997
MLS Listing,,Multi-Family (2-4 Unit),64 Homestead Park,Newark,NJ,7108,390000,7,3,Newark,,4025,,62,,,Active,,,http://www.redfin.com/NJ/Newark/64-Homestead-Park-07108/home/36280312,NJMLS,20052579,N,Y,40.7195929,-74.2130488
MLS Listing,,Single Family Residential,9 PARKVIEW Ter,Newark City,NJ,07112-2019,249900,4,1.5,Newark City,,3920,1917,62,,,Active,,,http://www.redfin.com/NJ/Newark/9-Parkview-Ter-07112/home/36286235,GSMLS,3684843,N,Y,40.7095863,-74.2105152
MLS Listing,,Multi-Family (2-4 Unit),20-22 HUNTER St,Newark City,NJ,07114-1608,569000,8,5.5,Newark City,,3484,2005,63,,,Active,,,http://www.redfin.com/NJ/Newark/20-22-Hunter-St-07114/home/39925582,GSMLS,3684735,N,Y,40.717796,-74.189227
MLS Listing,,Multi-Family (2-4 Unit),46 FABYAN Pl,Newark City,NJ,07108-1025,455000,12,3,Newark City,2100,3484,1930,64,217,,Active,,,http://www.redfin.com/NJ/Newark/46-Fabyan-Pl-07108/home/36281937,GSMLS,3684645,N,Y,40.7216198,-74.2159378
MLS Listing,,Multi-Family (2-4 Unit),232 S 6TH St,Newark City,NJ,07103-2446,399000,7,3,Newark City,,2178,1940,64,,,Active,,,http://www.redfin.com/NJ/Newark/232-S-6th-St-07103/home/36256630,GSMLS,3684581,N,Y,40.7399191,-74.1967525
MLS Listing,,Single Family Residential,84 LONGFELLOW Ave,Newark City,NJ,07106-1502,310000,4,1.5,Upper Vailsburg,,3484,1925,65,,,Active,,,http://www.redfin.com/NJ/Newark/84-Longfellow-Ave-07106/home/36303223,GSMLS,3684571,N,Y,40.7484446,-74.2353799
MLS Listing,,Multi-Family (2-4 Unit),186 Custer Ave,Newark,NJ,7112,599900,0,,Newark,,2888,,65,,,Active,,,http://www.redfin.com/NJ/Newark/186-Custer-Ave-07112/home/36069345,CJMLS,2110247,N,Y,40.7125078,-74.2073276
MLS Listing,,Multi-Family (2-4 Unit),188 Custer Ave,Newark,NJ,7112,599900,0,,Newark,4060,2500,,65,148,,Active,,,http://www.redfin.com/NJ/Newark/188-Custer-Ave-07112/home/36282799,CJMLS,2110246,N,Y,40.7125451,-74.207351
MLS Listing,,Multi-Family (2-4 Unit),28 Pierce St,Newark,NJ,7103,299000,2,2,Newark,,2252,,65,,,Active,,,http://www.redfin.com/NJ/Newark/28-Pierce-St-07103/home/36271791,NJMLS,20052363,N,Y,40.7302501,-74.2075345
MLS Listing,,Vacant Land,135 BLOOMFIELD Ave,Newark City,NJ,07104-1918,259900,,,Newark City,,2178,,65,,,Active,,,http://www.redfin.com/NJ/Newark/135-Bloomfield-Ave-07104/home/148431092,GSMLS,3684460,N,Y,40.7582368,-74.1747198
MLS Listing,,Multi-Family (2-4 Unit),348 SUSSEX Ave,Newark City,NJ,07107-2946,329999,5,2.5,Newark City,2100,1742,1957,66,157,,Active,,,http://www.redfin.com/NJ/Newark/348-Sussex-Ave-07107/home/36259908,GSMLS,3684440,N,Y,40.7506958,-74.1911852
MLS Listing,,Multi-Family (2-4 Unit),21 ADAMS St,Newark City,NJ,07105-2303,490000,4,2,Newark City,19998,2178,,69,25,,Active,,,http://www.redfin.com/NJ/Newark/21-Adams-St-07105/home/36267139,GSMLS,3684322,N,Y,40.7314553,-74.1567737
MLS Listing,,Multi-Family (2-4 Unit),36 Park Ave,Newark,NJ,7104,450000,7,4,Newark,,1973,,69,,,Active,,,http://www.redfin.com/NJ/Newark/36-Park-Ave-07104/home/174004240,NJMLS,20052228,N,Y,40.7551878,-74.1745249
MLS Listing,,Multi-Family (2-4 Unit),137 HILLSIDE Ave,Newark City,NJ,07108-2409,550000,8,5,Newark City,,3049,2006,69,,,Active,,,http://www.redfin.com/NJ/Newark/137-Hillside-Ave-07108/home/36274248,GSMLS,3684277,N,Y,40.7185991,-74.1937879
MLS Listing,,Single Family Residential,85 LESLIE St,Newark City,NJ,07108-1018,340000,4,3,Newark City,,4791,,70,,,Active,,,http://www.redfin.com/NJ/Newark/85-Leslie-St-07108/home/36282043,GSMLS,3684260,N,Y,40.7204314,-74.2150709
MLS Listing,,Single Family Residential,620 IRVINGTON Ave,Maplewood Twp.,NJ,07040-1643,469000,3,1.5,Maplewood Twp.,,3920,1925,70,,,Active,,,http://www.redfin.com/NJ/Maplewood/620-Irvington-Ave-07040/home/36371360,GSMLS,3684248,N,Y,40.7337916,-74.2472092
MLS Listing,,Townhouse,240 W Kinney St,Newark City,NJ,07103-3359,250000,2,1,Newark City,,,2000,70,,300,Active,,,http://www.redfin.com/NJ/Newark/240-W-Kinney-St-07103/unit-9F/home/165590354,GSMLS,3684168,N,Y,40.7315947,-74.1876971
MLS Listing,,Multi-Family (2-4 Unit),50-52 9th Ave,Newark,NJ,7107,549000,13,5,Newark,,3001,,71,,,Active,,,http://www.redfin.com/NJ/Newark/50-9th-Ave-07107/home/144477223,NJMLS,20052090,N,Y,40.751166,-74.1964093
MLS Listing,,Multi-Family (2-4 Unit),169 Goodwin Ave,Newark,NJ,7112,359900,8,3,Newark,,4082,,71,,,Active,,,http://www.redfin.com/NJ/Newark/169-Goodwin-Ave-07112/home/36284944,NJMLS,20052079,N,Y,40.7127518,-74.2138743
MLS Listing,,Single Family Residential,429 WILDEN Pl,South Orange Village Twp.,NJ,07079-2518,484900,3,2,South Orange Village Twp.,,6098,1928,71,,,Active,,,http://www.redfin.com/NJ/South-Orange/429-Wilden-Pl-07079/home/36335848,GSMLS,3684122,N,Y,40.7402876,-74.2489056
MLS Listing,,Single Family Residential,28 Grumman Ave,Newark,NJ,7112,325000,4,1.5,Newark,,3232,,71,,,Active,,,http://www.redfin.com/NJ/Newark/28-Grumman-Ave-07112/home/165629763,NJMLS,20052034,N,Y,40.7016388,-74.2137906
MLS Listing,,Multi-Family (2-4 Unit),158 Parker St,Newark,NJ,7104,395000,6,4,Newark,,2500,,72,,,Active,,,http://www.redfin.com/NJ/Newark/158-Parker-St-07104/home/36239040,NJMLS,20051986,N,Y,40.7583151,-74.1783777
MLS Listing,,Multi-Family (2-4 Unit),142-144 Sunset Ave,Newark,NJ,7106,650000,9,6,Newark,,3659,,72,,,Active,,,http://www.redfin.com/NJ/Newark/142-Sunset-Ave-07106/unit-144/home/36296175,NJMLS,20051942,N,Y,40.7412364,-74.2274634
MLS Listing,,Multi-Family (2-4 Unit),144 Sunset Ave,Newark,NJ,7106,650000,0,,Newark,3776,3659,1921,74,172,,Active,,,http://www.redfin.com/NJ/Newark/144-Sunset-Ave-07106/home/173972781,CJMLS,2109766,N,Y,40.7412141,-74.2275245
MLS Listing,,Single Family Residential,63-65 Stengel Ave,Newark,NJ,7112,299000,5,2,Newark,,5001,,75,,,Active,,,http://www.redfin.com/NJ/Newark/63-Stengel-Ave-07112/home/36285114,NJMLS,20051839,N,Y,40.7078174,-74.206832
MLS Listing,,Single Family Residential,20 Palm St,Newark,NJ,7106,240000,4,1.5,Newark,,2500,,75,,,Active,,,http://www.redfin.com/NJ/Newark/20-Palm-St-07106/home/36302759,NJMLS,20051797,N,Y,40.747151,-74.2312757
MLS Listing,,Single Family Residential,125 S Munn Ave,Newark,NJ,7106,214900,3,1,Newark,,3040,,76,,,Active,,,http://www.redfin.com/NJ/Newark/125-S-Munn-Ave-07106/home/36292977,NJMLS,20051755,N,Y,40.7409765,-74.2197324
MLS Listing,,Single Family Residential,454 IRVINGTON Ave,Maplewood Twp.,NJ,07040-1508,375000,3,1,Maplewood Twp.,,6098,1923,76,,,Active,,,http://www.redfin.com/NJ/Maplewood/454-Irvington-Ave-07040/home/36371178,GSMLS,3683585,N,Y,40.7380677,-74.2520347
MLS Listing,,Single Family Residential,448 W 4th Ave,Newark,NJ,7107,310000,6,3,Newark,,,,77,,,Active,,,http://www.redfin.com/NJ/Newark/448-4th-Ave-W-07107/home/36263187,NJMLS,20051665,N,Y,40.762431,-74.190082
MLS Listing,,Vacant Land,147 Dewey St,Newark,NJ,7112,120000,,,Newark,,,,77,,,Active,,,http://www.redfin.com/NJ/Newark/147-Dewey-St-07112/home/36280587,NJMLS,20051626,N,Y,40.7147526,-74.2174052
MLS Listing,,Multi-Family (2-4 Unit),188 CUSTER Ave #2,Newark City,NJ,07112-2139,599900,6,4.5,Weequahic,4060,2613,2021,77,148,,Active,,,http://www.redfin.com/NJ/Newark/188-Custer-Ave-07112/unit-2/home/173961826,GSMLS,3683415,N,Y,40.7125451,-74.207351
MLS Listing,,Multi-Family (2-4 Unit),267 Garside St,Newark,NJ,7104,525000,7,4,Newark,,2108,,78,,,Active,,,http://www.redfin.com/NJ/Newark/267-Garside-St-07104/home/36241269,NJMLS,20051539,N,Y,40.7606972,-74.1719564
MLS Listing,,Multi-Family (2-4 Unit),267 GARSIDE St #3,Newark City,NJ,07104-2709,525000,7,4,Newark City,29997,2178,2020,78,18,,Active,,,http://www.redfin.com/NJ/Newark/267-Garside-St-07104/unit-3/home/173958527,GSMLS,3683356,N,Y,40.7606972,-74.1719564
MLS Listing,,Single Family Residential,141 1/2 Clifton Ave,Newark,NJ,7104,179895,3,1,Newark,,1651,,78,,,Active,,,http://www.redfin.com/NJ/Newark/1-Clifton-Ave-07103/home/173875944,NJMLS,20051497,N,Y,40.7489922,-74.18102
MLS Listing,,Multi-Family (2-4 Unit),232 Sherman Ave,Newark,NJ,7114,255000,6,2,Newark,,2500,,78,,,Active,,,http://www.redfin.com/NJ/Newark/232-Sherman-Ave-07114/home/36274657,NJMLS,20051491,N,Y,40.7166514,-74.1887774
MLS Listing,,Multi-Family (2-4 Unit),57 ROSE Ter,Newark City,NJ,07108-1618,320000,5,3,Upper Clinton Hill,,3484,1927,78,,,Active,,,http://www.redfin.com/NJ/Newark/57-Rose-Ter-07108/home/36271771,GSMLS,3683309,N,Y,40.7269351,-74.201997
MLS Listing,,Multi-Family (2-4 Unit),471-475 Delavan Ave,Newark,NJ,7107,419500,3,3,Newark,,3106,,78,,,Active,,,http://www.redfin.com/NJ/Newark/471-Delavan-Ave-07107/unit-475/home/36247521,NJMLS,20051451,N,Y,40.7755712,-74.1800318
MLS Listing,,Multi-Family (2-4 Unit),101 HIGHLAND Ave,Newark City,NJ,07104-1144,450000,6,6,Newark City,,2613,1910,79,,,Active,,,http://www.redfin.com/NJ/Newark/101-Highland-Ave-07104/home/36240076,GSMLS,3683198,N,Y,40.760127,-74.1778889
MLS Listing,,Multi-Family (5+ Unit),513-515 Market St,Newark,NJ,7105,800000,16,,Newark,,,,81,,,Active,,,http://www.redfin.com/NJ/Newark/513-Market-St-07105/home/173951325,NJMLS,20051226,N,Y,40.732267,-74.1562347
MLS Listing,,Multi-Family (2-4 Unit),880-882 S 20TH S #2,Newark City,NJ,07108-1127,305000,8,3,Newark City,2658,3920,1927,82,115,,Active,,,http://www.redfin.com/NJ/Newark/880-S-20th-St-07108/unit-2/home/173935662,GSMLS,3682882,N,Y,40.7260156,-74.2157654
MLS Listing,,Multi-Family (2-4 Unit),39-41 4th St,Newark,NJ,7107,450000,6,3,Newark,,3324,,82,,,Active,,,http://www.redfin.com/NJ/Newark/39-4th-St-07107/home/36374850,NJMLS,20051156,N,Y,40.7484242,-74.1907003
MLS Listing,,Multi-Family (2-4 Unit),5-7 Saint Charles St,Newark,NJ,7105,949000,6,4.5,Newark,,3515,,82,,,Active,,,http://www.redfin.com/NJ/Newark/5-St-Charles-St-07105/home/36268217,NJMLS,20051148,N,Y,40.729382,-74.146957
MLS Listing,,Multi-Family (2-4 Unit),425 S 16th St,Newark,NJ,7103,319000,5,2,Newark,,1999,,83,,,Active,,,http://www.redfin.com/NJ/Newark/425-S-16th-St-07103/home/36235390,NJMLS,20051062,N,Y,40.7414465,-74.2063077
MLS Listing,,Multi-Family (2-4 Unit),94-96 Lyons Ave,Newark,NJ,7112,469777,8,3,Newark,,4948,,83,,,Active,,,http://www.redfin.com/NJ/Newark/94-Lyons-Ave-07112/home/36288549,NJMLS,20051037,N,Y,40.7075817,-74.2098542
MLS Listing,,Multi-Family (2-4 Unit),224 N 5TH St #2,Newark City,NJ,07107-2225,275000,6,4,Newark City,19998,1742,1900,83,14,,Active,,,http://www.redfin.com/NJ/Newark/224-N-5th-St-07107/unit-2/home/173924732,GSMLS,3682686,N,Y,40.7556934,-74.1877799
MLS Listing,,Multi-Family (2-4 Unit),107 Ferguson St,Newark,NJ,7105,474900,5,3,Newark,,1311,,83,,,Active,,,http://www.redfin.com/NJ/Newark/107-Ferguson-St-07105/home/36266774,NJMLS,20050970,N,Y,40.7288783,-74.1533448
MLS Listing,,Condo/Co-op,201 Dey St #108,Harrison,NJ,7029,460000,2,2,Harrison,,,,83,,,Active,,,http://www.redfin.com/NJ/Harrison/201-Dey-St-07029/unit-108/home/36430622,NJMLS,20050955,N,Y,40.7438508,-74.1640441
MLS Listing,,Multi-Family (2-4 Unit),224 N 5th St,Newark,NJ,7107,275000,6,4,Newark,,1882,,84,,,Active,,,http://www.redfin.com/NJ/Newark/224-N-5th-St-07107/home/36261279,NJMLS,20050918,N,Y,40.7556934,-74.1877799
MLS Listing,,Single Family Residential,756-758 Degraw Ave,Newark,NJ,7104,650000,8,8,Newark,,5401,,85,,,Active,,,http://www.redfin.com/NJ/Newark/756-Degraw-Ave-07104/home/36248688,NJMLS,20050791,N,Y,40.7780199,-74.171267
MLS Listing,,Multi-Family (2-4 Unit),37 S 8th St,Newark,NJ,7107,475000,0,,Newark,2558,2500,2006,85,186,,Active,,,http://www.redfin.com/NJ/Newark/37-S-8th-St-07107/home/36258984,CJMLS,2109646,N,Y,40.7493312,-74.1945183
MLS Listing,,Condo/Co-op,15-19 Tichenor Ln #407,Newark,NJ,7114,269900,3,2,Newark,1260,,,86,214,,Active,,,http://www.redfin.com/NJ/Newark/15-Tichenor-St-07102/unit-407/home/173899105,NJMLS,20050556,N,Y,40.7246827,-74.1776287
MLS Listing,,Condo/Co-op,15-19 TICHENOR Ln #407,Newark City,NJ,07114-2514,269900,3,2,Ironbound,,1306,2009,86,,275,Active,,,http://www.redfin.com/NJ/Newark-City/15-19-TICHENOR-LN-07114/unit-407/home/174003791,GSMLS,3681992,N,Y,40.722227,-74.178228
MLS Listing,,Townhouse,164 FAIRMOUNT Ave,Newark City,NJ,07103-2433,160000,3,1.5,Central,,,1970,88,,,Active,,,http://www.redfin.com/NJ/Newark/164-Fairmount-Ave-07103/unit-1/home/36233894,GSMLS,3681867,N,Y,40.7416359,-74.1936083
MLS Listing,,Multi-Family (2-4 Unit),226 FAIRMOUNT Ave,Newark City,NJ,07103-2455,429000,8,3,Newark City,2500,2613,2019,88,172,,Active,,,http://www.redfin.com/NJ/Newark/226-Fairmount-Ave-07103/home/36233780,GSMLS,3681865,N,Y,40.7395526,-74.1947051
MLS Listing,,Multi-Family (2-4 Unit),90 HIGHLAND Ave,Newark City,NJ,07104-1107,325000,4,3,Newark City,,2613,1897,89,,,Active,,,http://www.redfin.com/NJ/Newark/90-Highland-Ave-07104/home/36239931,GSMLS,3681707,N,Y,40.759924,-74.1785611
MLS Listing,,Multi-Family (2-4 Unit),155 Brookwood St,East Orange,NJ,7018,400000,6,3,East Orange,,3925,,90,,,Active,,,http://www.redfin.com/NJ/East-Orange/155-Brookwood-St-07018/home/36149956,NJMLS,20050164,N,Y,40.7475507,-74.2256591
MLS Listing,,Multi-Family (2-4 Unit),114 ORATON St,Newark City,NJ,07104-4108,425000,4,3,Newark City,19998,1306,1882,90,21,,Active,,,http://www.redfin.com/NJ/Newark/114-Oraton-St-07104/home/36246059,GSMLS,3681459,N,Y,40.7695117,-74.1616474
MLS Listing,,Multi-Family (2-4 Unit),116 ORATON St,Newark City,NJ,07104-4108,425000,4,3,Newark City,19998,1306,1882,90,21,,Active,,,http://www.redfin.com/NJ/Newark/116-Oraton-St-07104/home/36246031,GSMLS,3681456,N,Y,40.7696356,-74.1616359
MLS Listing,,Multi-Family (2-4 Unit),174 Pacific St,Newark,NJ,7105,369000,4,2,Newark,,2030,,92,,,Active,,,http://www.redfin.com/NJ/Newark/174-Pacific-St-07105/home/36253249,NJMLS,20049912,N,Y,40.721674,-74.16822
MLS Listing,,Multi-Family (2-4 Unit),18 Huntington Ter,Newark,NJ,7112,549000,9,5,Newark,,3498,,92,,,Active,,,http://www.redfin.com/NJ/Newark/18-Huntington-Ter-07112/home/36282936,NJMLS,20049908,N,Y,40.7167946,-74.2076835
MLS Listing,,Condo/Co-op,201 Dey St #166,Harrison,NJ,7029,380000,2,2,Harrison,,,,92,,,Active,,,http://www.redfin.com/NJ/Harrison/201-Dey-St-07029/unit-166/home/36430501,NJMLS,20049905,N,Y,40.7438508,-74.1640441
MLS Listing,,Multi-Family (2-4 Unit),19 Huntington Ter,Newark,NJ,7112,549000,9,5,Newark,,3498,,92,,,Active,,,http://www.redfin.com/NJ/Newark/19-Huntington-Ter-07112/home/36282902,NJMLS,20049901,N,Y,40.7169746,-74.2081421
MLS Listing,,Condo/Co-op,54-56 ORIENTAL St #2,Newark City,NJ,07104-4027,199900,2,2,Newark City,,1742,1920,92,,,Active,,,http://www.redfin.com/NJ/Newark/54-56-Oriental-St-07104/unit-2/home/56012253,GSMLS,3681113,N,Y,40.7601515,-74.1672878
MLS Listing,,Multi-Family (2-4 Unit),99 Cutler St,Newark,NJ,7104,330000,5,3,Newark,,1742,,92,,,Active,,,http://www.redfin.com/NJ/Newark/99-Cutler-St-07104/home/36238069,NJMLS,20049812,N,Y,40.7546793,-74.1747542
MLS Listing,,Single Family Residential,778 S 16TH St,Newark City,NJ,07103-1430,265000,5,2,Newark City,,2613,1955,92,,,Active,,,http://www.redfin.com/NJ/Newark/778-S-16th-St-07103/home/36271845,GSMLS,3681050,N,Y,40.7284192,-74.2108821
MLS Listing,,Single Family Residential,62 Mountain View Ave,Newark,NJ,7106,230000,4,2,Newark,,3912,,92,,,Active,,,http://www.redfin.com/NJ/Newark/62-Mountainview-Ave-07106/home/36303907,NJMLS,20049799,N,Y,40.746763,-74.2208352
MLS Listing,,Multi-Family (2-4 Unit),192 Renner Ave,Newark,NJ,7112,450000,7,4,Newark,,2500,,93,,,Active,,,http://www.redfin.com/NJ/Newark/192-Renner-Ave-07112/home/36074061,NJMLS,20049722,N,Y,40.7117897,-74.2075459
MLS Listing,,Condo/Co-op,308-310 PASSAIC Ave,Harrison Town,NJ,7029,256000,2,2,Harrison Town,935,871,1900,93,274,342,Active,,,http://www.redfin.com/NJ/Harrison/308-Passaic-Ave-07029/home/148313567,GSMLS,3680855,N,Y,40.7483029,-74.1643243
MLS Listing,,Condo/Co-op,63-69 ROME St,Newark City,NJ,07105-3405,229900,2,1,Newark City,1137,10454,1990,94,202,240,Active,,,http://www.redfin.com/NJ/Newark/63-Rome-St-07105/home/51591678,GSMLS,3680754,N,Y,40.7231042,-74.1468194
MLS Listing,,Single Family Residential,1-9 Pomona Ave,Newark,NJ,7112,140000,2,1,Newark,,832,,95,,,Active,,,http://www.redfin.com/NJ/Newark/1-Pomona-Ave-07112/unit-3B/home/167071925,NJMLS,20049572,N,Y,40.7063344,-74.2098089
MLS Listing,,Single Family Residential,5 POMONA AVE 1A,Newark City,NJ,07112-2313,140000,2,1,Newark City,,871,2006,95,,200,Active,,,http://www.redfin.com/NJ/Newark/5-Pomona-Ave-07112/unit-5F/home/36070349,GSMLS,3680740,N,Y,40.7047776,-74.2074678
MLS Listing,,Multi-Family (2-4 Unit),911 S 18th St,Newark,NJ,7108,449000,9,6,Newark,,3302,,98,,,Active,,,http://www.redfin.com/NJ/Newark/911-S-18th-St-07108/home/36277411,NJMLS,20049363,N,Y,40.7245446,-74.2147456
MLS Listing,,Single Family Residential,49-51 Girard Pl,Newark,NJ,7108,450000,5,3.5,Newark,,6046,,98,,,Active,,,http://www.redfin.com/NJ/Newark/49-Girard-Pl-07108/home/36280416,NJMLS,20049354,N,Y,40.721499,-74.213206
MLS Listing,,Multi-Family (2-4 Unit),118 ORATON St,Newark City,NJ,07104-4108,550000,4,2.5,Newark City,19998,1306,2020,99,28,,Active,,,http://www.redfin.com/NJ/Newark/118-Oraton-St-07104/home/165674729,GSMLS,3680302,N,Y,40.7696349,-74.1616071
MLS Listing,,Multi-Family (2-4 Unit),473 S 14th St,Newark,NJ,7103,365000,7,3,Newark,,2770,,99,,,Active,,,http://www.redfin.com/NJ/Newark/473-S-14th-St-07103/home/36236312,NJMLS,20049245,N,Y,40.7388844,-74.2053906
MLS Listing,,Multi-Family (2-4 Unit),59 N 5TH St,Newark City,NJ,07107-2905,349995,9,3,Newark City,1998,3484,,99,175,,Active,,,http://www.redfin.com/NJ/Newark/59-N-5th-St-07107/home/174323052,GSMLS,3680196,N,Y,40.7497899,-74.1908527
MLS Listing,,Vacant Land,478 Halsted St,East Orange,NJ,7018,99000,,,East Orange,,,,99,,,Active,,,http://www.redfin.com/NJ/East-Orange/478-Halsted-St-07018/home/165652670,NJMLS,20049200,N,Y,40.7511531,-74.2260287
